-0.02,0.02,0.99,0.0,0.06,-0.31,stay
-0.02,0.02,0.99,-0.37,0.43,-0.24,stay
-0.02,0.02,0.99,-0.18,0.37,-0.37,stay
-0.02,0.02,0.99,-0.06,0.12,-0.37,stay
-0.02,0.02,0.99,-0.12,0.24,-0.18,stay
-0.02,0.02,0.99,-0.18,0.24,-0.18,stay
-0.02,0.02,0.99,-0.12,0.12,-0.24,stay
-0.02,0.02,0.99,-0.12,0.24,-0.31,stay
-0.02,0.02,0.99,-0.12,0.24,-0.37,stay
-0.02,0.02,0.99,-0.12,0.24,-0.31,stay
-0.02,0.02,0.99,-0.18,0.18,-0.24,stay
-0.02,0.03,0.99,-0.18,0.24,-0.37,stay
-0.02,0.02,0.99,-0.18,0.18,-0.31,stay
-0.02,0.02,0.99,-0.06,0.24,-0.31,stay
-0.02,0.02,0.99,-0.18,0.31,-0.31,stay
-0.02,0.03,0.99,-0.24,0.18,-0.24,stay
-0.02,0.02,0.99,-0.12,0.18,-0.31,stay
-0.02,0.02,0.99,-0.06,0.18,-0.24,stay
-0.02,0.02,1.0,-0.18,0.18,-0.31,stay
-0.02,0.02,0.99,-0.12,0.12,-0.24,stay
-0.02,0.02,0.99,-0.24,0.37,-0.31,stay
-0.02,0.02,0.99,-0.24,0.24,-0.31,stay
-0.02,0.02,0.99,-0.06,0.18,-0.31,stay
-0.02,0.02,0.99,-0.31,0.31,-0.31,stay
-0.02,0.03,0.99,-0.24,0.24,-0.31,stay
-0.02,0.02,0.99,-0.12,0.12,-0.24,stay
-0.02,0.02,0.99,-0.24,0.31,-0.24,stay
-0.02,0.02,1.0,-0.18,0.18,-0.18,stay
-0.02,0.02,0.99,-0.06,0.18,-0.31,stay
-0.02,0.03,0.99,-0.24,0.43,-0.31,stay
-0.02,0.02,0.99,-0.06,0.12,-0.31,stay
-0.02,0.02,1.0,-0.06,0.06,-0.24,stay
-0.02,0.03,0.99,-0.18,0.24,-0.24,stay
-0.02,0.02,0.99,-0.24,0.24,-0.31,stay
-0.02,0.03,0.99,-0.31,0.37,-0.31,stay
-0.02,0.02,1.0,-0.24,0.18,-0.31,stay
-0.02,0.03,0.99,-0.12,0.18,-0.31,stay
-0.02,0.03,0.99,-0.12,0.24,-0.18,stay
-0.02,0.02,0.99,-0.24,0.24,-0.31,stay
-0.02,0.02,0.99,-0.12,0.24,-0.37,stay
-0.02,0.02,0.99,-0.06,0.24,-0.55,stay
-0.02,0.03,0.99,-0.24,0.31,-0.24,stay
-0.02,0.02,0.99,-0.18,0.06,-0.18,stay
-0.02,0.02,0.99,-0.06,0.06,-0.18,stay
-0.02,0.03,0.99,-0.18,0.31,-0.37,stay
-0.02,0.03,0.99,-0.18,0.18,-0.24,stay
-0.02,0.03,0.99,-0.12,0.18,-0.24,stay
-0.02,0.03,0.99,-0.24,0.31,-0.31,stay
-0.02,0.02,0.99,-0.12,0.24,-0.31,stay
-0.02,0.03,0.99,-0.18,0.12,-0.18,stay
-0.02,0.03,0.99,-0.18,0.18,-0.24,stay
-0.02,0.03,0.99,-0.24,0.24,-0.31,stay
-0.02,0.03,0.99,-0.12,0.18,-0.31,stay
-0.02,0.03,0.99,-0.06,0.18,-0.31,stay
-0.02,0.02,0.99,-0.12,0.24,-0.24,stay
-0.02,0.03,0.99,-0.18,0.24,-0.24,stay
-0.02,0.03,0.99,-0.12,0.18,-0.24,stay
-0.02,0.03,0.99,-0.24,0.24,-0.24,stay
-0.02,0.02,0.99,-0.18,0.24,-0.24,stay
-0.02,0.02,0.99,0.0,0.18,-0.24,stay
-0.02,0.03,0.99,-0.18,0.18,-0.24,stay
-0.02,0.03,0.99,-0.18,0.18,-0.24,stay
-0.02,0.02,0.99,0.06,0.06,-0.18,stay
-0.02,0.02,0.99,-0.12,0.06,-0.18,stay
-0.01,0.04,0.99,-0.55,0.73,-0.43,stay
-0.02,0.02,0.99,0.37,-0.12,-0.18,stay
-0.02,0.02,0.99,-0.31,0.24,-0.18,stay
-0.01,0.02,1.0,-0.61,0.79,-0.24,stay
-0.02,0.03,0.99,-0.06,0.0,-0.18,stay
-0.02,0.03,0.99,-0.12,0.24,-0.18,stay
-0.02,0.03,0.99,-0.24,0.43,-0.24,stay
-0.01,0.03,0.99,-0.18,0.18,-0.24,stay
-0.02,0.03,0.99,-0.18,0.12,-0.24,stay
-0.02,0.02,0.99,-0.06,0.12,-0.18,stay
-0.01,0.02,0.99,-0.24,0.37,-0.31,stay
-0.02,0.03,0.99,-0.37,0.24,-0.31,stay
-0.02,0.03,0.99,0.0,0.06,-0.18,stay
-0.02,0.02,0.99,-0.12,0.31,-0.18,stay
-0.01,0.03,0.99,-0.18,0.31,-0.24,stay
-0.02,0.03,0.99,-0.06,0.0,-0.24,stay
-0.02,0.02,0.99,-0.12,0.12,-0.31,stay
-0.01,0.02,0.99,-0.18,0.31,-0.18,stay
-0.02,0.03,0.99,-0.18,0.18,-0.24,stay
-0.02,0.03,0.99,-0.06,0.12,-0.31,stay
-0.02,0.02,0.99,-0.12,0.31,-0.24,stay
-0.01,0.02,0.99,-0.18,0.31,-0.24,stay
-0.02,0.03,0.99,-0.18,0.12,-0.24,stay
-0.02,0.03,0.99,-0.12,0.18,-0.24,stay
-0.01,0.03,1.0,-0.18,0.31,-0.24,stay
-0.02,0.03,0.99,-0.31,0.18,-0.24,stay
-0.02,0.03,0.99,-0.12,0.24,-0.24,stay
-0.02,0.03,0.99,-0.06,0.31,-0.24,stay
-0.02,0.03,0.99,-0.18,0.18,-0.24,stay
-0.02,0.03,0.99,-0.12,0.12,-0.24,stay
-0.02,0.03,0.99,-0.18,0.18,-0.24,stay
-0.02,0.03,0.99,-0.24,0.31,-0.31,stay
-0.02,0.03,0.99,-0.06,0.18,-0.18,stay
-0.02,0.03,0.99,-0.12,0.24,-0.18,stay
-0.02,0.03,0.99,-0.12,0.18,-0.24,stay
-0.01,0.03,0.99,-0.18,0.18,-0.18,stay
-0.02,0.03,0.99,-0.18,0.12,-0.24,stay
-0.02,0.03,0.99,-0.12,0.12,-0.24,stay
-0.01,0.03,0.99,-0.24,0.37,-0.31,stay
-0.02,0.03,0.99,-0.18,0.24,-0.24,stay
-0.02,0.02,0.99,-0.06,0.12,-0.24,stay
-0.01,0.03,1.0,-0.18,0.37,-0.24,stay
-0.01,0.03,0.99,-0.18,0.31,-0.24,stay
-0.02,0.03,0.99,-0.06,0.06,-0.18,stay
-0.01,0.03,0.99,-0.31,0.24,-0.18,stay
-0.01,0.03,1.0,-0.18,0.24,-0.24,stay
-0.02,0.03,0.99,-0.18,0.06,-0.18,stay
-0.02,0.03,0.99,-0.06,0.24,-0.18,stay
-0.01,0.03,0.99,-0.18,0.31,-0.18,stay
-0.02,0.03,1.0,-0.18,0.18,-0.24,stay
-0.02,0.03,0.99,-0.12,0.18,-0.24,stay
-0.02,0.03,0.99,-0.06,0.24,-0.24,stay
-0.01,0.03,0.99,-0.31,0.31,-0.37,stay
-0.02,0.03,0.99,-0.12,0.12,-0.24,stay
-0.02,0.03,1.0,-0.12,0.24,-0.24,stay
-0.01,0.03,0.99,-0.18,0.37,-0.24,stay
-0.02,0.03,0.99,-0.18,0.24,-0.31,stay
-0.02,0.03,0.99,-0.12,0.06,-0.12,stay
-0.01,0.03,1.0,-0.18,0.31,-0.24,stay
-0.01,0.03,0.99,-0.12,0.24,-0.31,stay
-0.02,0.03,0.99,-0.12,0.24,-0.18,stay
-0.01,0.03,0.99,-0.06,0.31,-0.24,stay
-0.01,0.03,1.0,0.0,0.18,-0.18,stay
-0.01,0.03,0.99,-0.18,0.31,-0.18,stay
-0.02,0.03,0.99,-0.06,0.12,-0.18,stay
-0.02,0.03,0.99,-0.12,0.18,-0.24,stay
-0.01,0.03,1.0,-0.24,0.37,-0.24,stay
-0.02,0.03,0.99,-0.12,0.06,-0.31,stay
-0.01,0.03,0.99,-0.12,0.18,-0.24,stay
-0.01,0.03,0.99,-0.31,0.43,-0.24,stay
-0.01,0.03,0.99,-0.12,0.06,-0.18,stay
-0.02,0.03,0.99,-0.18,0.18,-0.24,stay
-0.01,0.03,0.99,-0.31,0.37,-0.31,stay
-0.01,0.03,0.99,-0.12,0.24,-0.24,stay
-0.01,0.02,0.99,-0.18,0.24,-0.24,stay
-0.01,0.03,0.99,-0.37,0.31,-0.31,stay
-0.01,0.03,0.99,0.0,0.12,-0.18,stay
-0.01,0.03,0.99,-0.12,0.18,-0.18,stay
-0.01,0.03,0.99,-0.18,0.37,-0.24,stay
-0.01,0.03,0.99,-0.12,0.31,-0.31,stay
-0.01,0.03,0.99,-0.12,0.12,-0.24,stay
-0.02,0.03,0.99,-0.06,0.12,-0.24,stay
-0.01,0.03,0.99,-0.12,0.31,-0.24,stay
-0.01,0.03,0.99,-0.12,0.18,-0.24,stay
-0.01,0.03,0.99,-0.12,0.18,-0.18,stay
-0.01,0.03,1.0,-0.24,0.24,-0.24,stay
-0.01,0.03,0.99,-0.18,0.24,-0.24,stay
-0.01,0.03,0.99,-0.18,0.12,-0.18,stay
-0.01,0.03,0.99,-0.18,0.31,-0.18,stay
-0.01,0.03,0.99,-0.06,0.18,-0.18,stay
-0.01,0.03,0.99,-0.12,0.18,-0.18,stay
-0.01,0.03,0.99,-0.18,0.18,-0.18,stay
-0.01,0.03,0.99,-0.06,0.18,-0.18,stay
-0.01,0.03,0.99,-0.12,0.18,-0.18,stay
-0.01,0.03,0.99,-0.12,0.24,-0.24,stay
-0.01,0.03,0.99,-0.18,0.18,-0.24,stay
-0.01,0.03,0.99,-0.18,0.24,-0.18,stay
-0.02,0.03,0.99,0.0,0.12,-0.18,stay
-0.01,0.03,0.99,-0.18,0.24,-0.31,stay
-0.01,0.03,0.99,-0.24,0.37,-0.31,stay
-0.02,0.03,0.99,-0.06,0.0,-0.18,stay
-0.01,0.03,0.99,-0.18,0.18,-0.24,stay
-0.01,0.03,0.99,-0.12,0.24,-0.18,stay
-0.02,0.03,0.99,-0.12,0.12,-0.18,stay
-0.01,0.03,0.99,-0.06,0.12,-0.18,stay
-0.01,0.03,0.99,-0.24,0.37,-0.24,stay
-0.01,0.03,0.99,-0.06,0.12,-0.18,stay
-0.01,0.03,0.99,-0.12,0.18,-0.24,stay
-0.01,0.03,0.99,-0.12,0.18,-0.24,stay
-0.01,0.03,0.99,-0.18,0.18,-0.24,stay
-0.01,0.03,0.99,-0.12,0.37,-0.24,stay
-0.01,0.03,0.99,0.0,0.12,-0.24,stay
-0.01,0.03,0.99,-0.18,0.24,-0.24,stay
-0.01,0.03,0.99,-0.18,0.24,-0.18,stay
-0.01,0.03,0.99,-0.18,0.18,-0.24,stay
-0.01,0.03,0.99,-0.12,0.18,-0.24,stay
-1.6,0.44,0.08,-65.73,-229.86,-33.45,right
-1.75,0.45,0.1,-97.53,-226.62,-33.2,right
-1.92,-0.11,0.76,-170.53,-222.66,-16.3,right
-1.94,0.17,1.65,-914.25,25.39,22.16,right
-1.23,0.39,0.1,54.38,123.84,-46.94,right
-1.17,0.32,-0.14,433.41,-243.9,168.76,right
-1.09,0.34,0.29,440.73,-283.51,172.36,right
-0.88,0.33,0.31,5.37,-42.48,74.04,right
-0.64,0.29,0.14,-170.53,78.0,32.71,right
-0.53,0.27,0.08,-136.54,93.87,32.9,right
-0.52,0.28,0.06,-6.59,39.86,72.94,right
-0.87,0.4,0.07,51.45,22.22,108.4,right
-1.35,0.56,0.04,50.29,59.08,125.31,right
-1.84,0.66,-0.02,-2.99,83.68,53.34,right
-1.68,0.6,-0.05,-45.9,54.14,-101.87,right
-1.0,0.37,0.0,34.67,16.3,-164.92,right
-0.67,0.24,0.05,57.62,44.74,-163.76,right
-0.53,0.17,0.04,17.46,85.94,-142.7,right
-0.66,0.18,-0.02,-7.81,107.67,-114.2,right
-0.86,0.24,-0.06,16.85,94.12,-78.12,right
-1.12,0.31,-0.08,32.9,73.85,-66.71,right
-1.24,0.33,-0.08,29.3,51.27,-65.25,right
-1.25,0.31,-0.08,12.02,37.23,-71.72,right
-1.12,0.26,-0.08,1.22,20.2,-75.74,right
-0.96,0.2,-0.06,1.83,-3.91,-68.05,right
-0.76,0.15,-0.04,2.14,-17.09,-45.96,right
-0.71,0.14,-0.03,6.9,-32.84,-2.44,right
-0.74,0.17,-0.0,8.24,-35.58,24.11,right
-0.83,0.21,-0.01,-13.98,-29.85,55.48,right
-1.0,0.29,-0.02,-24.54,-34.73,71.59,right
-1.07,0.33,-0.02,-22.71,-48.89,79.96,right
-0.21,0.94,-0.17,183.04,-46.81,337.71,right
-0.88,2.12,-0.21,454.65,-139.89,241.03,right
-1.8,1.72,0.24,283.26,-262.02,-266.17,right
-2.17,-2.39,1.42,329.59,-228.33,-370.91,right
-1.31,-2.47,0.35,654.11,188.54,32.71,right
-1.44,0.73,-0.66,-16.11,275.63,149.54,right
-0.48,0.71,-0.51,-260.38,96.13,143.01,right
-0.57,0.8,-0.22,7.57,-100.34,81.6,right
-1.03,0.66,0.28,44.8,-142.27,39.37,right
-1.12,0.54,0.39,-38.39,-30.03,-32.65,right
-1.73,0.28,0.82,-29.24,-16.91,-55.42,right
-1.74,0.14,0.67,49.68,171.57,-1.04,right
-1.56,0.14,0.2,18.74,183.96,9.83,right
-1.14,-0.12,0.09,129.46,148.62,28.75,right
-1.37,-0.08,0.58,104.0,76.97,142.7,right
-1.2,0.46,0.56,68.54,118.04,159.06,right
-0.78,0.55,1.03,52.12,129.03,105.83,right
-0.98,0.29,1.27,-50.54,259.4,0.0,right
-1.19,-0.62,0.35,134.03,298.89,94.12,right
-1.06,-0.39,0.54,80.14,247.74,252.44,right
-0.94,-0.09,1.04,-210.51,268.13,365.84,right
-1.22,0.17,0.47,-14.22,329.1,384.52,right
-0.98,2.67,-1.43,-312.19,159.3,226.87,right
-0.29,-0.11,0.39,-222.11,-101.62,-81.6,right
-0.26,0.03,1.12,-68.66,16.91,-22.16,right
-0.35,0.74,0.48,-121.28,95.03,-25.27,right
-0.37,0.89,1.16,-89.97,98.14,-81.54,right
-0.55,0.58,1.55,137.39,216.25,-170.47,right
-0.5,-0.39,0.51,274.54,300.23,-159.3,right
-0.15,-0.64,-0.66,-322.14,121.28,6.53,right
-0.12,0.57,0.58,-155.94,107.54,-22.83,right
-0.17,0.56,-0.06,141.78,92.16,-176.88,right
-0.43,0.71,0.76,305.36,16.24,-307.01,right
-0.54,0.09,1.24,567.75,43.15,-420.41,right
-0.69,-0.33,0.51,704.35,286.99,-457.09,right
-0.63,-0.92,-0.42,572.39,292.54,-389.89,right
-0.57,-1.37,-0.49,205.26,133.18,-288.88,right
-0.59,-1.55,-0.13,-63.9,12.57,-232.42,right
-0.55,-1.33,0.21,-178.34,-102.42,-123.17,right
-0.17,-0.86,1.6,-355.59,-31.49,85.14,right
-0.26,-0.42,1.1,63.54,19.96,-15.93,right
-0.08,-0.6,0.58,2.75,24.41,-36.5,right
-0.08,-0.6,0.77,-145.32,2.32,-17.09,right
-0.28,-0.47,0.87,-113.34,6.9,-32.29,right
-0.21,-0.4,0.71,-58.53,27.89,-41.63,right
-0.06,-0.49,0.67,-155.64,36.32,-23.32,right
-0.07,-0.6,0.98,-193.24,17.64,-20.32,right
0.0,-0.5,1.04,-84.17,8.73,-22.22,right
-0.12,-0.37,0.91,-27.04,14.95,-14.71,right
-0.25,-0.36,0.81,-25.76,24.66,-15.62,right
-0.33,-0.32,0.89,-105.77,4.39,-10.93,right
0.14,-0.25,1.28,-113.4,-23.13,-6.65,right
0.06,-0.15,1.38,149.96,-7.69,-43.52,right
-0.24,-0.84,0.64,250.61,13.18,-67.38,right
-0.2,-1.28,0.59,120.91,-16.48,76.48,right
-0.23,-0.78,0.95,84.78,-58.11,204.41,right
-0.23,-0.18,1.21,115.42,-50.96,222.11,right
-0.14,-0.19,1.16,109.8,-17.88,138.55,right
-0.0,-0.64,0.89,90.39,13.12,79.9,right
0.02,-0.6,0.44,96.92,-1.71,108.7,right
0.02,-0.64,0.77,-50.96,-52.8,140.56,right
0.02,-0.58,1.02,-67.26,-14.77,178.96,right
0.04,-0.09,0.71,25.63,28.44,148.56,right
0.17,0.07,0.45,170.35,15.26,43.27,right
0.19,-0.37,0.65,125.67,-44.13,-40.28,right
0.0,-1.23,-0.18,-36.68,-134.52,-44.01,right
-0.11,-0.84,0.97,0.85,-192.38,29.72,right
-0.1,-0.71,0.47,264.95,-122.8,54.99,right
-0.12,0.13,0.49,486.21,-127.75,-32.41,right
-0.03,-1.63,0.52,354.37,-170.9,-82.76,right
-0.21,-1.4,0.52,211.55,-154.17,28.75,right
-0.39,-0.55,0.34,158.63,-121.52,7.69,right
-0.31,-0.89,0.27,43.27,-55.54,-44.07,right
-0.17,-1.44,0.33,91.8,-6.35,11.6,right
-0.08,-1.41,0.32,-65.67,25.39,82.7,right
-0.09,-0.91,0.22,-82.82,36.19,104.06,right
-0.05,-0.76,0.18,-52.0,28.69,49.8,right
-0.18,-0.6,0.15,-12.15,15.44,-22.58,right
-0.17,-1.1,0.25,-38.76,10.01,-84.9,right
-0.26,-1.21,0.31,-102.78,19.35,-59.08,right
-0.24,-1.03,0.38,-155.76,33.02,-46.02,right
-0.22,-1.14,0.52,-276.12,76.54,27.65,right
-0.01,-0.73,0.38,-262.76,45.47,38.82,right
-0.04,-0.96,0.59,-65.12,-37.23,-3.23,right
-0.06,-0.66,0.62,-5.0,-60.36,7.87,right
-0.11,-0.57,0.68,-101.75,-50.72,1.53,right
-0.17,-0.65,0.75,-171.33,-45.72,-3.23,right
-0.04,-0.8,0.67,-201.17,-31.37,12.51,right
-0.02,-0.49,0.53,-97.29,-22.77,43.4,right
-0.35,-0.23,0.63,-150.02,-43.82,-1.59,right
-0.35,-0.62,0.77,-362.98,-36.93,-98.94,right
-0.04,-0.3,0.87,-517.21,55.11,-107.06,right
-0.04,-0.08,0.75,-533.81,-56.82,-169.07,right
-1.74,-0.07,1.39,-369.26,-217.77,-317.02,right
0.62,0.06,1.43,-154.17,-81.24,-194.03,right
-0.34,0.07,0.88,-72.27,13.61,15.81,right
-0.28,0.58,0.51,45.78,69.64,-22.95,right
-0.33,0.35,1.19,-29.97,97.72,-16.42,right
-0.11,0.22,1.15,-61.89,51.82,-37.96,right
-0.19,0.24,0.88,-57.92,5.0,-54.14,right
-0.34,0.23,0.86,-16.48,39.86,-24.05,right
-0.29,0.33,0.93,70.31,33.81,-20.14,right
-0.25,0.46,0.92,102.48,33.33,-61.16,right
-0.14,0.17,0.96,74.4,48.1,-98.94,right
-0.17,0.25,0.88,64.09,50.84,-46.39,right
-0.21,0.12,0.98,96.62,56.76,23.74,right
-0.2,0.05,1.05,67.02,25.88,-8.91,right
-0.22,0.1,1.03,63.78,4.88,-33.94,right
-0.16,0.01,0.91,-12.88,-12.21,-36.62,right
-0.31,-0.01,0.9,-25.15,8.06,-60.42,right
-0.38,-0.01,0.98,30.15,41.99,-153.14,right
-0.64,0.04,0.99,-7.57,29.05,-154.97,right
0.09,0.05,1.03,100.83,-1.71,-70.56,right
0.48,-0.17,1.12,69.82,-49.68,17.64,right
0.08,-0.04,0.86,16.85,-61.16,102.84,right
-0.2,-0.02,0.69,-68.24,1.1,76.48,right
0.04,0.16,1.21,-153.02,46.26,44.98,right
0.03,0.24,1.08,20.63,-23.13,102.84,right
0.02,0.32,0.94,-42.05,-15.69,95.34,right
0.38,0.85,0.96,-76.48,8.0,56.34,right
-0.23,0.18,1.01,-14.59,28.99,-27.95,right
-0.14,0.1,0.98,38.88,30.4,-35.71,right
-0.04,0.14,0.97,21.18,26.18,-17.7,right
0.02,0.16,0.96,15.99,17.21,-5.43,right
0.01,0.14,0.98,-6.84,-23.86,1.34,right
-0.11,0.16,1.03,-0.61,-48.1,14.89,right
-0.07,0.21,1.07,28.38,-65.73,37.17,right
-0.07,0.29,1.21,57.19,-69.64,27.59,right
-0.12,0.15,1.17,171.2,-59.39,16.11,right
-0.11,-0.05,0.73,197.33,-73.79,13.98,right
-0.08,-0.1,0.91,66.41,-101.38,48.1,right
-0.07,-0.05,0.91,116.7,-73.85,52.19,right
-0.26,-0.16,0.89,113.77,-58.04,38.33,right
-0.47,-0.22,0.87,115.97,-56.03,37.72,right
-0.53,-0.23,0.89,124.45,-49.38,20.69,right
-0.48,-0.27,0.9,149.9,-23.99,0.73,right
-0.3,-0.27,0.98,201.29,-29.42,19.53,right
-0.3,-0.24,0.96,283.51,-43.27,46.63,right
-0.29,-0.33,0.96,265.62,-54.44,40.16,right
-0.34,-0.45,1.04,224.98,-25.57,15.93,right
-0.03,-0.65,1.58,63.72,38.09,-7.45,right
-0.31,-0.92,1.32,158.57,165.47,24.41,right
-0.76,-0.26,0.37,294.68,269.17,59.81,right
-1.12,-0.42,0.37,5.25,277.95,-20.39,right
-1.46,-0.13,0.39,-371.7,297.06,-224.12,right
1.65,-1.84,0.06,113.46,264.16,-228.52,right
-0.25,-1.13,-0.24,168.09,162.17,-37.72,right
-0.24,-0.88,0.01,9.7,-21.12,52.98,right
-0.64,-0.47,0.74,-95.15,-64.27,45.53,right
-0.35,-0.49,1.0,-32.59,7.57,-39.61,right
0.12,-0.69,0.72,71.78,75.68,-55.48,right
-0.1,-0.67,0.38,85.14,109.56,-45.35,right
-0.3,-0.76,0.18,58.9,43.33,-51.51,right
-0.4,-0.98,0.38,-4.21,-19.84,-43.76,right
-0.18,-0.83,0.66,-90.52,-46.45,-18.01,right
0.01,-0.69,0.8,-54.2,-25.02,-18.31,right
-0.14,-0.84,0.75,-13.24,8.97,-33.14,right
-0.24,-0.96,0.71,-41.2,9.34,-25.27,right
-0.17,-0.83,0.73,-49.8,5.37,29.05,right
0.04,-0.62,0.77,-50.48,15.26,24.78,right
0.03,-0.7,0.71,-44.01,21.12,12.33,right
-0.11,-0.69,0.71,-57.13,9.89,23.99,right
-0.02,-0.48,0.75,-61.58,10.8,18.68,right
0.02,-0.56,0.76,-28.08,10.56,-5.07,right
-0.02,-0.67,0.77,-30.03,12.94,5.74,right
0.03,-0.42,0.73,-25.7,11.41,18.74,right
-0.08,-0.45,0.76,0.55,-2.01,-18.68,right
-0.11,-0.62,0.84,3.05,-8.24,-35.95,right
-0.1,-0.66,0.85,-1.04,-3.91,-26.86,right
-0.06,-0.54,0.74,12.15,-2.08,-16.3,right
-0.08,-0.59,0.75,36.68,-14.89,-18.19,right
-0.05,-0.64,0.75,44.49,-15.14,-2.75,right
-0.15,-0.6,0.75,38.02,-17.21,0.43,right
-0.13,-0.68,0.79,19.1,-12.7,-9.22,right
-0.07,-0.71,0.77,6.04,-10.44,-16.97,right
-0.04,-0.56,0.69,-2.01,-24.11,-24.96,right
-0.19,-0.58,0.87,-4.27,-24.6,-33.81,right
-0.19,-0.65,0.84,12.27,15.62,-41.99,right
-0.14,-0.75,0.61,37.48,16.11,-22.95,right
-0.14,-0.63,0.64,27.59,-6.84,-0.31,right
-0.17,-0.6,0.71,59.08,-22.46,-7.69,right
-0.22,-0.67,0.66,69.89,-27.22,-8.61,right
-0.16,-0.57,0.68,33.81,-27.22,-26.25,right
-0.23,-0.67,0.65,29.3,-27.95,-41.56,right
-0.26,-0.71,0.7,4.88,-14.83,-46.2,right
-0.28,-0.83,0.67,5.98,-1.53,-28.87,right
-0.23,-0.72,0.63,14.4,0.43,-6.59,right
-0.27,-0.75,0.62,22.34,-5.13,-7.2,right
-0.29,-0.76,0.66,31.68,-8.3,2.2,right
-0.27,-0.68,0.62,42.85,-15.26,9.09,right
-0.25,-0.72,0.66,24.48,-8.97,10.01,right
-0.24,-0.69,0.65,3.91,5.0,15.5,right
-0.21,-0.62,0.56,3.91,10.56,6.65,right
-0.2,-0.74,0.6,8.61,-2.81,-18.68,right
-0.19,-0.84,0.6,5.37,-3.66,-12.94,right
-0.23,-0.81,0.62,9.34,-8.0,3.78,right
-0.27,-0.75,0.6,0.98,-4.09,5.98,right
-0.28,-0.72,0.59,0.49,-5.37,4.88,right
-0.29,-0.73,0.6,-1.95,-5.68,3.91,right
-0.28,-0.69,0.61,-5.25,0.18,4.39,right
-0.25,-0.72,0.6,0.85,1.04,-5.92,right
-0.27,-0.7,0.68,-18.25,11.84,-9.4,right
-0.25,-0.68,0.63,-35.58,20.63,-25.09,right
-0.29,-0.69,0.6,-43.76,25.39,-33.63,right
-0.23,-0.75,0.56,-30.94,17.94,-35.1,right
-0.22,-0.77,0.6,1.4,4.82,-9.52,right
-0.25,-0.74,0.63,11.35,-0.37,3.72,right
-0.26,-0.77,0.68,7.75,-0.12,16.97,right
-0.26,-0.73,0.66,3.85,7.57,21.36,right
-0.2,-0.65,0.59,21.61,5.68,25.94,right
-0.18,-0.63,0.6,33.2,-3.85,15.75,right
-0.21,-0.75,0.59,33.39,-13.18,-0.49,right
-0.3,-0.83,0.62,21.79,-18.98,1.34,right
-0.3,-0.77,0.62,8.36,-12.45,7.45,right
-0.29,-0.75,0.59,-1.59,-3.48,2.14,right
-0.3,-0.71,0.58,2.08,-4.58,1.34,right
-0.27,-0.74,0.59,7.75,-1.4,-1.89,right
-0.23,-0.69,0.56,14.95,-0.79,2.01,right
-0.21,-0.69,0.58,25.33,-5.92,1.59,right
-0.25,-0.79,0.6,18.25,-7.02,-6.71,right
-0.24,-0.82,0.58,13.61,-7.75,-7.02,right
-0.27,-0.79,0.56,14.53,-10.68,-1.53,right
-0.28,-0.74,0.56,20.57,-10.93,-2.81,right
-0.28,-0.74,0.55,15.26,-8.67,-5.49,right
-0.32,-0.86,0.6,9.16,-5.62,-5.55,right
-0.3,-0.81,0.55,-0.24,4.27,3.78,right
-0.29,-0.78,0.54,-0.49,0.18,1.34,right
-0.27,-0.78,0.54,-4.7,0.0,-1.77,right
-0.28,-0.76,0.55,-6.71,1.22,-2.75,right
-0.28,-0.78,0.55,-10.44,2.26,-5.31,right
-0.28,-0.78,0.55,-12.45,1.83,-7.02,right
-0.28,-0.77,0.55,-6.9,1.46,-5.8,right
-0.3,-0.78,0.55,3.78,0.61,-5.13,right
-0.31,-0.8,0.58,0.98,2.01,-3.6,right
-0.3,-0.79,0.57,-6.77,9.46,2.26,right
-0.31,-0.82,0.57,-4.82,11.29,6.47,right
-0.3,-0.89,0.58,-22.22,12.76,15.93,right
-0.35,-0.88,0.67,-54.26,13.18,24.11,right
-0.32,-0.77,0.65,-71.47,26.49,27.77,right
-0.23,-0.7,0.6,-49.93,46.81,41.63,right
-0.13,-0.42,0.52,-17.94,48.52,44.8,right
-0.09,-0.52,0.55,11.78,20.75,7.75,right
-0.01,-0.68,0.59,2.26,7.02,-10.62,right
-0.1,-0.75,0.65,6.41,-15.14,-9.52,right
-0.16,-0.57,0.65,17.7,-20.81,-15.75,right
-0.16,-0.65,0.64,8.3,-27.34,-53.34,right
-0.24,-0.83,0.66,1.1,-31.13,-52.86,right
-0.28,-0.9,0.66,-4.15,-27.95,-31.68,right
-0.34,-0.88,0.72,-3.17,-18.55,6.04,right
-0.29,-0.78,0.68,5.62,-6.77,29.66,right
-0.35,-0.73,0.69,12.15,5.55,41.14,right
-0.31,-0.77,0.59,3.42,13.49,30.4,right
-0.25,-0.81,0.55,-7.63,5.62,18.62,right
-0.23,-0.72,0.52,-8.06,2.2,18.55,right
-0.22,-0.76,0.54,-6.23,1.71,21.55,right
-0.2,-0.75,0.58,-1.71,10.07,31.68,right
-0.21,-0.73,0.58,-0.67,14.47,34.06,right
-0.23,-0.81,0.65,-24.23,11.11,20.63,right
-0.25,-0.79,0.7,-38.76,17.76,17.27,right
-0.19,-0.66,0.64,-36.19,29.6,16.36,right
-0.17,-0.6,0.63,-30.4,26.25,9.89,right
-0.09,-0.62,0.66,-50.6,12.39,-20.2,right
-0.2,-0.69,0.76,-58.72,6.65,-29.6,right
-0.14,-0.65,0.71,-64.88,24.6,-21.97,right
-0.09,-0.64,0.65,-59.08,18.8,-21.36,right
-0.08,-0.64,0.73,-40.95,0.79,-6.47,right
-0.08,-0.62,0.73,-42.18,4.64,2.56,right
-0.08,-0.67,0.69,-37.78,2.32,5.86,right
-0.15,-0.83,0.95,-29.3,15.99,51.94,right
-0.09,-0.6,0.81,-37.29,60.67,80.93,right
-0.1,-0.52,0.77,-50.9,50.35,71.59,right
-0.05,-0.44,0.71,-58.17,31.68,38.94,right
0.02,-0.69,0.7,-60.3,-7.57,13.12,right
-0.06,-0.55,0.95,-169.43,-48.95,48.4,right
-0.07,-0.56,1.11,-202.39,-14.53,59.27,right
0.05,-0.13,0.8,-170.47,56.58,67.99,right
0.07,-0.4,1.17,-188.96,56.15,13.61,right
-0.01,-0.23,0.92,31.92,66.53,-31.56,right
0.05,-0.5,0.87,17.58,54.32,-64.27,right
0.08,-0.69,0.93,74.04,75.38,-4.88,right
0.01,-0.68,0.83,76.23,50.78,32.71,right
-0.26,-0.87,0.79,-3.23,30.09,77.58,right
-0.26,-0.39,0.65,-150.82,9.03,158.75,right
0.41,0.13,1.18,-195.31,-25.76,128.6,right
0.38,-0.11,0.99,30.7,-4.46,36.19,right
0.05,-0.23,0.83,34.61,17.27,47.36,right
0.14,-0.21,0.67,28.5,-18.19,114.69,right
-0.07,-0.31,1.05,-19.78,-66.1,120.54,right
0.04,-0.25,1.02,-39.55,-30.64,120.73,right
0.22,-0.26,1.24,-85.63,-9.4,119.87,right
-0.02,0.22,0.83,-94.91,37.54,127.32,right
-0.08,-0.12,0.56,-78.55,24.78,110.05,right
0.31,0.03,0.91,-137.39,-2.69,178.65,right
0.31,0.58,1.25,-141.11,-3.85,139.28,right
0.04,0.16,0.86,-89.97,70.68,68.48,right
0.45,0.32,0.78,-103.33,110.23,4.82,right
0.35,0.35,0.98,-144.59,118.16,-1.53,right
0.39,0.38,0.83,-183.41,118.29,15.2,right
0.47,0.55,0.71,-158.02,89.9,23.19,right
0.45,0.65,0.75,-99.24,70.37,47.67,right
0.6,0.61,0.84,14.4,-6.41,81.3,right
0.55,0.78,0.67,42.48,-53.16,108.52,right
0.57,0.68,0.68,-10.38,-50.84,40.41,right
0.45,0.42,0.71,-68.24,25.82,-6.04,right
0.55,0.94,0.84,-58.72,32.78,-43.64,right
0.65,1.1,0.73,59.75,-75.68,24.84,right
0.08,0.32,0.6,168.03,-182.43,-18.74,right
0.22,0.36,1.12,155.94,-158.39,-28.26,right
0.17,0.08,1.18,73.85,-59.14,-15.81,right
0.12,-0.07,1.17,38.02,-18.19,-16.85,right
0.16,-0.0,0.94,29.24,44.37,19.1,right
0.28,0.39,0.74,-38.76,33.14,132.02,right
0.0,0.33,0.63,-135.62,-30.7,233.15,right
-0.24,0.37,0.67,20.45,-28.63,135.56,right
0.15,0.44,0.95,80.2,-48.16,126.16,right
0.05,0.52,0.91,88.62,-81.85,149.41,right
-0.04,0.48,0.9,148.44,-101.07,146.12,right
-0.12,0.24,0.94,166.99,-89.23,121.95,right
-0.18,0.17,1.05,152.04,-65.8,115.66,right
-0.28,0.09,1.14,99.37,-49.8,105.9,right
-0.37,0.08,1.02,62.38,-45.59,83.25,right
-0.28,0.14,0.88,77.58,-56.46,40.65,right
-0.18,0.18,0.77,166.63,-93.51,31.8,right
-0.25,-0.05,1.08,180.73,-95.76,45.23,right
-0.2,-0.07,1.17,65.49,-53.83,47.18,right
-0.15,-0.05,1.02,1.28,-38.64,51.82,right
-0.11,-0.02,0.88,-25.7,-32.29,56.76,right
-0.1,-0.03,0.72,-9.64,-35.64,63.11,right
-0.15,-0.1,0.64,23.74,-32.23,66.41,right
-0.15,-0.15,0.7,50.35,-8.36,45.23,right
-0.1,-0.23,0.73,53.96,-9.89,27.53,right
-0.06,-0.27,0.68,50.23,-18.01,22.95,right
-0.35,-0.83,1.35,60.97,-9.64,34.97,right
-0.46,-0.82,1.29,56.4,-69.82,20.69,right
-0.54,-0.82,1.16,-13.55,-16.78,12.45,right
-0.46,-0.47,0.87,-42.42,-1.65,-6.29,right
-0.35,-0.21,0.72,-12.88,8.97,-29.24,right
-0.21,-0.13,0.81,9.4,9.58,-26.25,right
-0.18,-0.1,0.9,-5.13,10.99,5.0,right
-0.32,-0.15,1.03,-20.57,4.15,26.67,right
-0.43,-0.19,1.03,-39.43,-7.81,31.31,right
-0.43,-0.18,0.85,-34.61,-6.53,24.23,right
-0.37,-0.16,0.81,-11.66,-1.89,23.38,right
-0.34,-0.18,0.88,18.07,-2.62,32.71,right
-0.33,-0.25,0.9,17.09,-7.75,39.49,right
-0.34,-0.3,0.87,9.89,-7.08,46.26,right
-0.37,-0.34,0.88,4.33,-0.06,44.31,right
-0.37,-0.33,0.88,-5.98,7.51,40.04,right
-0.36,-0.29,0.84,-0.12,1.95,24.05,right
-0.33,-0.29,0.87,8.42,-2.38,11.78,right
-0.3,-0.31,0.9,12.21,-8.54,-1.65,right
-0.26,-0.33,0.9,6.53,-8.48,-4.09,right
-0.26,-0.32,0.9,0.67,-2.75,-0.24,right
-0.3,-0.33,0.89,2.32,-1.04,-3.3,right
-0.29,-0.32,0.89,5.07,1.22,-10.01,right
-0.29,-0.31,0.88,8.85,0.79,-17.15,right
-0.32,-0.3,0.87,16.11,-2.93,-27.95,right
-0.3,-0.31,0.88,23.25,-3.48,-33.45,right
-0.32,-0.27,0.89,20.2,1.65,-25.76,right
-0.32,-0.27,0.9,26.18,-0.31,-25.21,right
-0.36,-0.31,0.88,29.97,-2.01,-25.82,right
-0.37,-0.33,0.86,34.42,-0.67,-33.45,right
-0.33,-0.36,0.88,32.59,0.06,-32.9,right
-0.32,-0.34,0.9,16.66,5.43,-13.67,right
-0.31,-0.34,0.87,3.48,7.63,4.21,right
-0.36,-0.36,0.86,-8.12,10.56,24.05,right
-0.35,-0.38,0.87,-20.45,13.06,28.2,right
-0.35,-0.38,0.88,-42.42,16.48,35.83,right
-0.36,-0.38,0.89,-56.52,16.24,37.54,right
-0.35,-0.35,0.9,-65.31,17.82,32.1,right
-0.32,-0.29,0.89,-63.35,14.65,17.09,right
-0.25,-0.22,0.91,-52.55,11.05,10.25,right
-0.23,-0.19,0.9,-35.89,6.23,10.38,right
-0.24,-0.17,0.89,-21.91,4.03,8.24,right
-0.26,-0.18,0.89,0.0,3.54,7.32,right
-0.27,-0.21,0.93,10.93,2.93,4.94,right
-0.27,-0.23,0.93,11.84,1.89,4.52,right
-0.28,-0.25,0.91,8.67,0.73,5.8,right
-0.29,-0.28,0.92,5.0,0.55,5.74,right
-0.28,-0.28,0.92,-2.69,1.95,6.41,right
-0.26,-0.26,0.92,-10.13,3.05,9.22,right
-0.27,-0.24,0.93,-18.68,4.52,14.28,right
-0.28,-0.21,0.95,-20.26,7.26,12.08,right
-0.28,-0.2,0.99,-21.61,10.07,6.9,right
-0.28,-0.15,0.97,-20.26,4.94,-5.68,right
-0.26,-0.09,0.9,-6.71,-0.85,-10.5,right
-0.26,-0.1,0.96,19.04,-2.26,-3.54,right
-0.21,-0.09,1.02,22.64,3.91,4.76,right
-0.18,-0.11,1.03,-3.23,17.33,26.18,right
-0.24,-0.19,0.93,-18.37,8.48,30.21,right
-0.28,-0.23,0.86,-27.83,8.73,25.27,right
-0.28,-0.33,0.83,-21.85,15.62,16.3,right
-0.33,-0.38,0.82,-4.09,9.22,13.43,right
-0.38,-0.4,0.87,11.17,6.53,-2.62,right
-0.33,-0.28,0.96,6.29,5.31,-18.49,right
-0.23,-0.2,0.98,-11.9,9.03,-27.4,right
-0.13,-0.15,0.96,-15.26,5.8,-17.58,right
-0.16,-0.16,0.94,-10.13,1.4,-4.7,right
-0.2,-0.2,0.93,-3.78,1.46,0.37,right
-0.21,-0.25,0.93,-4.46,2.14,-2.56,right
-0.2,-0.26,0.92,-8.24,0.18,-4.15,right
-0.2,-0.27,0.92,-10.38,-1.22,-1.65,right
-0.21,-0.24,0.9,-6.59,-2.08,2.5,right
-0.19,-0.21,0.96,1.28,-0.98,4.15,right
-0.2,-0.2,0.99,-1.83,3.05,6.16,right
-0.21,-0.18,0.99,-9.7,5.68,3.97,right
-0.21,-0.16,0.95,-9.03,4.27,0.55,right
-0.21,-0.16,0.95,-3.48,2.99,0.24,right
-0.22,-0.17,0.94,-0.85,2.32,2.38,right
-0.24,-0.18,0.93,1.04,3.11,4.03,right
-0.24,-0.2,0.94,0.98,5.62,1.95,right
-0.22,-0.21,0.96,-1.04,5.37,0.0,right
-0.21,-0.19,0.96,-5.86,3.85,-0.73,right
-0.19,-0.18,0.95,-6.29,0.18,-1.95,right
-0.19,-0.18,0.96,-4.27,-1.89,-1.28,right
-0.19,-0.16,0.96,-3.42,-4.46,-0.73,right
-0.19,-0.15,0.95,-2.69,-3.78,-1.95,right
-0.2,-0.16,0.96,0.73,-3.91,-2.5,right
-0.21,-0.18,0.96,1.16,-3.97,-3.11,right
-0.23,-0.18,0.95,-0.12,-3.48,-3.42,right
-0.23,-0.18,0.95,0.0,-1.34,-3.6,right
-0.22,-0.17,0.94,0.79,-1.4,-2.99,right
-0.21,-0.16,0.95,3.42,-1.04,-0.85,right
-0.22,-0.18,0.96,3.11,-1.77,0.0,right
-0.22,-0.18,0.96,-0.12,-2.38,0.43,right
-0.23,-0.18,0.94,-1.28,-1.77,0.18,right
-0.22,-0.17,0.94,-1.65,-0.92,-0.49,right
-0.22,-0.17,0.95,0.0,0.18,1.28,right
-0.22,-0.18,0.96,-0.31,-0.61,0.85,right
-0.22,-0.18,0.95,-1.59,-0.49,0.61,right
-0.22,-0.17,0.93,-1.77,-0.49,-0.31,right
-0.21,-0.16,0.94,0.37,0.49,0.18,right
-0.22,-0.17,0.95,0.98,-0.06,0.92,right
-0.22,-0.17,0.95,1.65,0.06,1.04,right
-0.22,-0.18,0.95,1.89,-0.61,0.43,right
-0.22,-0.18,0.95,0.79,-0.31,0.55,right
-0.22,-0.18,0.95,-0.31,-0.18,0.67,right
-0.22,-0.17,0.95,-1.04,0.55,0.43,right
-0.22,-0.17,0.96,-1.1,-0.06,-0.06,right
-0.23,-0.18,0.96,-1.59,-0.73,0.12,right
-0.23,-0.17,0.95,-1.71,-1.04,-0.55,right
-0.22,-0.16,0.95,0.49,-1.22,-1.53,right
-0.21,-0.17,0.94,2.87,-1.34,-1.16,right
-0.22,-0.18,0.95,3.3,-1.28,-0.37,right
-0.23,-0.19,0.95,0.37,-1.1,-0.43,right
-0.24,-0.18,0.95,-1.28,-0.49,-0.98,right
-0.23,-0.17,0.95,-0.55,-0.55,-0.73,right
-0.23,-0.17,0.95,0.55,-0.31,-0.43,right
-0.22,-0.17,0.95,1.16,0.0,0.37,right
-0.22,-0.17,0.95,1.65,-0.12,0.55,right
-0.22,-0.18,0.95,2.14,-0.31,0.61,right
-0.22,-0.18,0.95,2.44,-0.55,0.49,right
-0.23,-0.18,0.94,1.4,-0.31,0.12,right
-0.22,-0.17,0.94,2.01,-0.24,-0.43,right
-0.22,-0.18,0.96,3.91,0.12,-0.55,right
-0.2,-0.22,0.99,1.71,0.37,-0.55,right
-0.21,-0.3,1.01,-6.16,-8.54,-4.27,right
-0.23,-0.36,0.94,-11.29,-19.41,-15.38,right
-0.19,-0.37,0.93,-20.75,-9.58,-16.05,right
-0.2,-0.43,0.89,-22.28,4.52,0.92,right
-0.29,-0.53,0.83,-5.37,-6.41,2.81,right
-0.33,-0.6,0.86,15.01,-11.35,-29.6,right
-0.21,-0.54,0.92,5.31,-0.67,-46.57,right
-0.18,-0.5,0.92,-3.17,5.62,-51.7,right
-0.21,-0.43,0.91,-8.36,8.85,-53.71,right
-0.23,-0.29,0.9,-9.03,10.74,-60.24,right
-0.22,-0.23,0.93,5.68,7.93,-64.51,right
-0.24,-0.2,0.99,9.83,8.97,-66.96,right
-0.23,-0.14,0.97,15.44,6.9,-70.43,right
-0.25,-0.03,0.97,16.42,9.95,-72.51,right
-0.23,-0.01,0.98,12.33,14.16,-72.27,right
-0.2,-0.02,0.95,0.79,16.42,-67.38,right
-0.18,-0.01,0.89,-1.1,16.05,-63.96,right
-0.17,0.01,0.86,7.87,20.14,-57.19,right
-0.15,0.03,0.91,13.67,20.26,-47.55,right
-0.15,0.02,0.92,0.67,19.96,-26.43,right
-0.13,0.01,0.88,-12.63,26.73,-19.1,right
-0.13,0.02,0.87,-7.2,21.36,-8.24,right
-0.2,0.01,0.89,3.3,4.76,0.85,right
-0.22,0.03,0.85,-8.67,14.89,3.54,right
-0.13,0.01,0.78,-12.82,31.98,14.95,right
-0.12,-0.03,0.82,2.2,29.17,33.57,right
-0.14,0.01,0.93,-3.6,23.38,36.56,right
-0.12,0.08,0.9,-23.13,29.11,42.18,right
-0.13,0.12,0.91,-21.55,13.55,67.93,right
-0.17,0.04,1.01,-34.3,25.27,81.79,right
-0.17,0.06,0.96,-54.44,34.97,77.09,right
-0.13,0.11,1.04,-35.16,14.53,73.73,right
-0.13,0.16,1.06,-43.95,19.9,77.33,right
-0.08,0.16,1.0,-75.32,32.35,83.8,right
-0.18,-0.04,0.89,-55.05,31.01,85.02,right
-0.29,-0.05,1.03,8.73,-10.19,65.61,right
-0.07,0.28,1.31,-3.78,-3.54,53.04,right
0.03,0.4,1.35,-37.23,-8.85,42.42,right
-0.14,0.28,1.24,-61.22,-1.46,18.8,right
-0.21,0.03,1.16,-37.11,-5.86,3.97,right
-0.12,0.11,1.16,-11.17,-17.4,-13.49,right
-0.07,0.13,1.08,-9.16,-23.56,-13.06,right
-0.06,0.11,0.98,-11.6,-21.06,-12.15,right
-0.04,0.11,0.9,-9.34,-13.79,-10.86,right
-0.02,0.11,0.9,-0.43,-4.82,-8.42,right
-0.0,0.09,0.94,3.42,0.06,-4.76,right
-0.04,0.07,0.99,-0.24,5.62,-0.06,right
-0.06,0.04,1.0,-3.36,2.75,4.94,right
-0.09,0.07,0.96,-1.89,1.22,4.09,right
-0.1,0.1,0.95,8.42,0.61,1.4,right
-0.11,0.12,0.96,12.51,3.42,-0.73,right
-0.09,0.11,1.01,13.55,5.8,-2.56,right
-0.1,0.1,1.02,6.65,3.91,-3.11,right
-0.11,0.08,0.98,2.08,2.14,-2.5,right
-0.13,0.06,0.96,3.66,1.4,-1.22,right
-0.13,0.05,0.97,5.37,0.85,-4.09,right
-0.09,0.07,0.97,6.23,0.37,-6.9,right
-0.1,0.08,0.98,6.96,-0.43,-3.97,right
-0.11,0.07,1.0,2.87,-0.24,-2.75,right
-0.11,0.07,1.0,-0.31,-2.01,-3.05,right
-0.11,0.07,0.99,-0.06,-2.5,-3.48,right
-0.11,0.07,0.99,-0.37,-0.61,-3.23,right
-0.1,0.07,0.99,0.0,0.98,-2.5,right
-0.11,0.07,0.99,1.28,1.22,-3.05,right
-0.11,0.06,0.99,2.08,1.16,-2.99,right
-0.11,0.06,1.0,2.14,-0.24,-1.77,right
-0.11,0.05,0.98,1.34,-1.4,-1.22,right
-1.09,0.48,-0.1,-12.76,8.3,-5.49,left
-1.0,0.44,-0.08,-11.96,-2.26,-18.62,left
-0.88,0.39,-0.06,3.6,-12.39,-27.65,left
-0.77,0.34,-0.04,-2.81,-2.81,-27.1,left
-0.76,0.33,-0.05,-10.74,8.36,-19.1,left
-0.82,0.35,-0.06,1.22,7.63,-10.13,left
-0.91,0.39,-0.07,4.7,16.54,-0.85,left
-1.04,0.44,-0.1,-0.85,22.95,1.22,left
-1.08,0.45,-0.11,1.89,22.09,-0.79,left
-1.05,0.44,-0.1,3.36,16.72,-14.47,left
-0.89,0.37,-0.08,-0.49,18.07,-21.85,left
-0.82,0.34,-0.08,1.89,23.68,-18.74,left
-0.87,0.37,-0.09,5.43,36.01,-2.2,left
-0.94,0.4,-0.11,-1.1,47.24,2.2,left
-0.97,0.41,-0.14,-11.54,44.62,-2.75,left
-0.94,0.4,-0.14,-6.35,28.63,-8.06,left
-0.87,0.37,-0.12,11.17,5.0,-13.73,left
-0.82,0.33,-0.1,4.58,4.94,-12.21,left
-0.86,0.35,-0.1,-1.89,8.24,3.91,left
-0.95,0.39,-0.11,2.93,6.29,13.98,left
-0.98,0.41,-0.11,-9.58,5.49,20.26,left
-0.97,0.41,-0.11,-13.24,-3.17,16.66,left
-0.88,0.38,-0.1,-18.01,-20.39,8.61,left
-0.82,0.35,-0.08,-10.07,-44.31,12.76,left
-0.83,0.37,-0.05,-3.85,-48.58,19.71,left
-0.87,0.39,-0.05,-16.05,-37.72,21.48,left
-0.92,0.41,-0.06,-23.32,-31.62,20.02,left
-0.95,0.42,-0.06,-23.25,-31.37,17.03,left
-0.95,0.43,-0.05,-18.74,-33.51,12.82,left
-0.93,0.42,-0.04,-17.88,-31.49,4.15,left
-0.89,0.4,-0.03,-18.43,-28.75,-1.22,left
-0.89,0.4,-0.03,-14.59,-26.79,-5.19,left
-0.9,0.4,-0.03,-7.93,-21.06,-8.79,left
-0.92,0.4,-0.03,-7.45,-14.71,-11.78,left
-0.93,0.4,-0.04,-5.25,-5.98,-13.49,left
-0.94,0.4,-0.04,1.71,-0.06,-11.17,left
-0.95,0.4,-0.05,6.04,15.99,-6.96,left
-0.97,0.41,-0.06,4.46,28.75,-5.07,left
-0.97,0.41,-0.07,6.1,40.95,-3.78,left
-0.91,0.38,-0.08,8.36,44.56,-4.94,left
-0.84,0.36,-0.08,9.28,48.4,-9.22,left
-0.79,0.34,-0.09,5.74,50.11,-10.01,left
-0.84,0.37,-0.11,5.62,46.39,-6.35,left
-0.94,0.41,-0.13,18.68,31.68,-0.49,left
-1.03,0.43,-0.13,16.17,23.38,-5.43,left
-1.01,0.42,-0.13,3.36,14.1,-19.53,left
-0.86,0.35,-0.11,-3.17,7.14,-25.82,left
-0.79,0.32,-0.1,3.78,-3.66,-15.32,left
-0.8,0.33,-0.09,6.96,-4.76,0.0,left
-0.89,0.37,-0.1,1.04,-0.67,11.6,left
-0.97,0.41,-0.12,-7.51,-5.68,18.86,left
-1.02,0.43,-0.11,-4.64,-18.25,17.46,left
-0.99,0.42,-0.1,-3.23,-35.28,8.12,left
-0.87,0.38,-0.06,-5.25,-40.16,2.69,left
-0.81,0.35,-0.05,-8.54,-34.48,2.87,left
-0.81,0.35,-0.05,-11.47,-27.1,7.93,left
-0.86,0.38,-0.05,-8.79,-22.77,14.04,left
-0.94,0.41,-0.06,-3.05,-20.14,19.35,left
-1.01,0.44,-0.06,-0.61,-16.48,16.78,left
-1.01,0.44,-0.06,-6.84,-8.54,5.0,left
-0.92,0.41,-0.06,-5.74,-6.9,-1.53,left
-0.86,0.38,-0.04,0.0,-0.55,-2.69,left
-0.84,0.37,-0.05,-1.65,10.07,0.85,left
-0.87,0.39,-0.06,-3.11,17.76,3.3,left
-0.91,0.41,-0.08,3.85,20.02,4.46,left
-0.95,0.42,-0.09,2.81,21.3,2.5,left
-0.94,0.42,-0.09,0.79,20.39,-4.15,left
-0.91,0.4,-0.09,0.49,17.03,-9.16,left
-0.89,0.38,-0.09,0.85,14.1,-12.63,left
-0.87,0.37,-0.09,0.98,12.7,-13.06,left
-0.88,0.37,-0.09,2.56,10.74,-11.17,left
-0.9,0.37,-0.1,3.3,8.61,-8.12,left
-0.93,0.38,-0.1,1.53,6.41,-8.67,left
-0.93,0.38,-0.1,0.06,0.79,-10.07,left
-0.9,0.37,-0.09,0.73,-2.69,-9.46,left
-0.9,0.36,-0.09,0.24,-4.7,-7.69,left
-0.9,0.36,-0.09,0.12,-6.53,-2.99,left
-0.91,0.37,-0.09,0.06,-7.08,0.12,left
-0.92,0.37,-0.09,-1.4,-8.24,3.05,left
-0.92,0.38,-0.08,-1.28,-10.01,4.52,left
-0.91,0.38,-0.08,0.18,-11.41,7.45,left
-0.9,0.38,-0.07,-0.37,-10.01,9.64,left
-0.91,0.39,-0.07,-1.22,-7.93,11.35,left
-0.91,0.4,-0.08,-0.98,-6.65,12.08,left
-0.91,0.4,-0.07,-0.73,-6.23,11.11,left
-0.9,0.4,-0.07,-1.22,-3.85,8.97,left
-0.9,0.4,-0.07,-1.65,-1.53,8.0,left
-0.9,0.41,-0.07,-0.67,0.43,5.98,left
-0.91,0.41,-0.08,0.37,1.34,3.85,left
-0.91,0.41,-0.08,-0.18,2.81,0.85,left
-0.9,0.4,-0.08,-0.49,4.52,-3.23,left
-0.9,0.4,-0.08,-0.12,5.37,-5.25,left
-0.91,0.4,-0.08,-0.43,5.62,-7.69,left
-0.91,0.39,-0.08,0.85,4.88,-9.09,left
-0.91,0.38,-0.08,1.46,5.07,-9.89,left
-0.91,0.38,-0.08,0.0,6.35,-10.44,left
-0.91,0.38,-0.09,-0.06,6.1,-10.01,left
-0.91,0.37,-0.09,1.22,4.27,-8.36,left
-0.91,0.37,-0.09,1.04,3.42,-6.77,left
-0.91,0.37,-0.09,0.61,2.75,-5.13,left
-0.91,0.37,-0.09,-0.12,0.98,-2.5,left
-0.91,0.37,-0.09,0.43,-0.37,0.06,left
-0.91,0.37,-0.09,0.55,-1.77,3.36,left
-0.92,0.38,-0.09,0.18,-2.56,4.64,left
-0.91,0.38,-0.09,0.06,-3.97,5.68,left
-0.9,0.38,-0.08,-0.67,-4.09,6.59,left
-0.9,0.39,-0.08,-0.73,-4.03,8.0,left
-0.92,0.4,-0.08,0.67,-4.94,8.48,left
-0.91,0.4,-0.08,0.18,-5.13,6.65,left
-0.89,0.39,-0.08,-2.32,-4.09,3.66,left
-0.88,0.39,-0.08,-1.59,-3.36,3.72,left
-0.9,0.4,-0.08,-0.55,-2.75,3.66,left
-0.92,0.4,-0.08,-0.79,-1.53,2.44,left
-0.94,0.41,-0.08,-0.37,-1.16,0.55,left
-0.93,0.4,-0.08,-1.59,-0.31,-4.64,left
-0.88,0.38,-0.08,-4.03,-0.79,-8.54,left
-0.85,0.36,-0.07,1.71,-2.56,-6.29,left
-0.91,0.38,-0.07,4.52,1.16,-2.01,left
-0.96,0.41,-0.09,-0.67,7.39,-1.46,left
-0.96,0.4,-0.09,-0.98,5.25,-5.68,left
-0.91,0.38,-0.09,-1.34,1.95,-9.7,left
-0.86,0.35,-0.08,0.49,0.49,-8.67,left
-0.85,0.35,-0.08,2.01,2.62,-3.11,left
-0.9,0.38,-0.09,2.26,5.55,2.01,left
-0.94,0.4,-0.1,1.95,4.7,2.93,left
-0.95,0.4,-0.09,1.83,1.83,0.79,left
-0.93,0.39,-0.09,0.43,0.43,-0.61,left
-0.9,0.37,-0.08,-1.1,0.61,-0.73,left
-0.89,0.37,-0.08,0.06,0.12,0.79,left
-0.88,0.37,-0.08,0.24,0.31,4.03,left
-0.91,0.39,-0.09,0.67,-0.24,6.04,left
-0.93,0.4,-0.09,2.75,-2.38,6.35,left
-0.92,0.4,-0.09,-0.12,-1.71,4.21,left
-0.92,0.4,-0.09,-1.04,-0.31,5.25,left
-0.95,0.41,-0.09,0.31,-1.16,6.47,left
-0.92,0.4,-0.08,-0.73,-4.46,1.46,left
-0.87,0.38,-0.07,-0.73,-5.07,-1.04,left
-0.84,0.37,-0.07,2.87,-1.1,3.97,left
-0.89,0.4,-0.07,4.09,7.51,11.6,left
-0.94,0.42,-0.08,-2.32,8.48,3.97,left
-0.93,0.41,-0.09,-4.03,6.1,-2.32,left
-0.94,0.42,-0.08,8.91,0.79,-3.48,left
-0.88,0.38,-0.07,-2.08,5.07,-11.9,left
-0.83,0.36,-0.07,-7.32,6.29,-15.81,left
-0.88,0.37,-0.08,4.39,1.22,-9.95,left
-0.93,0.39,-0.08,3.78,-0.06,-9.46,left
-0.95,0.39,-0.09,-4.82,-3.11,-16.3,left
-0.93,0.37,-0.08,-1.04,-8.18,-17.15,left
-0.9,0.36,-0.07,2.2,-11.54,-15.81,left
-0.89,0.35,-0.07,1.22,-10.13,-12.57,left
-0.9,0.35,-0.07,1.71,-7.08,-4.76,left
-0.93,0.37,-0.07,2.44,-5.49,-0.61,left
-0.94,0.38,-0.08,1.77,-4.21,2.69,left
-0.93,0.38,-0.08,1.59,-4.21,7.26,left
-0.91,0.38,-0.07,2.44,-5.25,11.05,left
-0.88,0.38,-0.07,5.19,-5.13,18.07,left
-0.87,0.39,-0.07,5.68,-1.95,22.52,left
-0.88,0.4,-0.07,2.81,5.07,26.25,left
-0.91,0.42,-0.08,2.75,7.2,26.12,left
-0.92,0.43,-0.09,-5.07,8.91,21.06,left
-0.13,1.08,-0.26,-267.88,68.73,-28.81,left
-0.93,0.61,-0.35,-3.91,72.45,-70.31,left
-1.33,0.48,-0.17,131.23,-86.49,-31.74,left
-1.22,0.47,-0.05,181.15,-147.22,-29.66,left
-1.06,0.38,-0.01,19.47,-46.57,-85.94,left
-0.76,-0.16,0.07,-43.64,6.84,-99.98,left
-0.84,-0.26,0.05,1.46,10.25,25.27,left
-0.98,0.48,-0.09,8.24,8.36,75.13,left
-1.0,0.41,-0.08,-7.14,28.08,47.97,left
-0.79,0.84,0.01,-16.97,30.15,46.02,left
-0.72,1.7,0.28,19.65,27.1,12.08,left
-1.12,0.68,0.02,83.37,1.83,-85.08,left
-0.69,0.21,-0.02,63.17,40.59,-109.31,left
-0.95,-0.06,-0.18,111.76,67.5,-45.29,left
-1.33,0.3,0.49,292.54,-0.43,18.07,left
-1.21,0.37,-0.03,392.09,-18.19,23.62,left
-1.29,0.47,-0.04,186.16,-5.86,26.12,left
-1.0,0.4,0.33,81.85,76.84,12.57,left
-0.68,0.3,0.53,-0.85,163.88,28.69,left
-0.99,0.35,0.48,55.91,178.65,28.93,left
-1.27,0.19,0.52,-32.71,175.72,49.87,left
-1.23,0.09,0.34,-31.62,331.67,87.77,left
-0.87,0.5,0.44,-115.23,377.14,67.38,left
-0.73,0.36,0.61,-185.36,299.74,11.72,left
-0.59,0.44,0.63,-187.81,149.41,22.22,left
-0.66,0.64,0.57,-139.22,66.47,37.11,left
-0.63,0.79,0.61,-86.06,120.54,5.62,left
-0.65,0.49,0.55,97.41,265.56,55.97,left
-0.47,0.78,0.43,235.29,139.28,52.0,left
-0.35,0.39,0.45,49.99,82.28,72.51,left
-0.45,0.48,0.5,31.62,71.11,48.03,left
-0.37,0.6,0.65,23.25,98.82,14.34,left
-0.37,0.47,0.85,27.65,85.21,25.88,left
-0.31,0.38,0.75,-4.33,82.21,13.55,left
-0.24,0.25,0.6,9.34,91.86,-0.92,left
-0.19,0.2,0.62,41.87,77.64,-14.65,left
-0.2,0.32,0.84,9.64,54.02,-28.26,left
-0.08,0.54,0.97,-36.07,58.72,-24.35,left
-0.07,0.4,0.75,-53.04,46.51,0.24,left
-0.1,0.25,0.72,-26.31,49.32,-6.47,left
-0.02,0.29,0.87,19.65,36.56,-18.55,left
-0.08,0.1,1.15,174.13,73.85,0.61,left
-0.07,0.34,0.97,43.52,27.89,24.6,left
-0.08,0.2,0.74,-12.94,6.77,11.96,left
-0.15,0.15,0.89,17.21,6.29,5.8,left
-0.14,0.22,1.04,-5.49,10.56,-4.58,left
-0.04,0.39,1.01,-64.21,17.76,-7.26,left
-0.09,0.27,0.82,-68.79,24.9,17.46,left
-0.15,0.15,0.74,-5.43,32.96,-11.96,left
-0.02,0.06,0.83,4.21,63.29,-14.28,left
-0.05,0.11,1.15,-34.18,172.49,-46.39,left
0.19,0.37,0.78,-48.89,67.81,-30.76,left
0.13,0.42,0.63,6.84,25.82,-7.63,left
0.06,0.36,0.65,68.36,37.9,1.53,left
0.21,0.22,1.11,100.52,31.07,-3.85,left
0.25,0.21,1.35,69.27,15.56,8.3,left
0.29,0.4,1.19,-44.25,-5.07,37.84,left
0.16,0.46,0.75,-41.5,-20.81,48.77,left
0.08,0.29,0.75,18.25,-16.78,34.85,left
0.04,0.21,0.86,28.75,-7.2,24.35,left
0.12,0.3,0.97,13.61,-1.28,21.42,left
0.12,0.31,0.95,-13.73,-4.76,28.87,left
0.08,0.28,0.88,-10.62,-7.26,23.19,left
0.07,0.26,0.87,-1.77,0.12,11.05,left
0.06,0.27,0.89,1.77,6.04,4.15,left
0.11,0.31,0.96,1.1,9.09,0.55,left
0.13,0.33,1.0,-6.41,2.81,2.62,left
0.1,0.27,0.99,-4.21,0.55,5.07,left
0.09,0.26,0.94,0.18,7.81,2.08,left
0.1,0.3,0.93,4.7,13.98,-1.77,left
0.12,0.33,0.95,4.94,17.58,-3.97,left
0.14,0.34,0.96,5.37,13.92,-1.71,left
0.14,0.29,1.0,11.11,10.56,-1.77,left
0.15,0.29,1.04,9.03,8.06,-1.22,left
0.15,0.31,1.04,-8.48,3.85,3.85,left
0.09,0.28,0.95,-10.07,1.28,3.23,left
0.09,0.26,0.92,4.21,3.48,-6.29,left
0.13,0.26,0.96,6.77,5.68,-9.64,left
0.16,0.31,0.95,-0.85,4.09,-5.13,left
0.14,0.29,0.96,2.62,-0.43,-1.16,left
0.11,0.24,0.98,4.52,-1.77,-0.49,left
0.1,0.24,0.93,-1.95,1.95,-6.47,left
0.13,0.28,0.91,-0.85,2.81,-9.16,left
0.14,0.29,0.92,3.11,1.46,-7.45,left
0.14,0.26,0.94,3.66,1.28,-6.29,left
0.15,0.26,0.94,4.39,0.85,-5.31,left
0.15,0.26,0.94,2.81,1.59,-3.23,left
0.15,0.27,0.96,-1.53,2.32,-1.04,left
0.13,0.28,0.94,-8.85,0.24,1.46,left
0.12,0.27,0.92,-9.03,-0.18,0.31,left
0.12,0.29,0.91,-5.43,-1.16,-0.85,left
0.12,0.28,0.92,-2.01,-0.12,-2.99,left
0.14,0.28,0.95,-1.77,0.98,-3.6,left
0.14,0.26,0.97,-2.69,-0.12,-2.44,left
0.15,0.28,0.96,-6.29,0.92,-2.14,left
0.15,0.3,0.96,-7.51,0.92,-0.92,left
0.14,0.3,0.96,-5.37,-0.73,-0.43,left
0.14,0.29,0.96,-3.78,-1.59,-0.61,left
0.15,0.29,0.95,-2.81,-2.44,-1.34,left
0.15,0.31,0.95,-4.27,-3.11,-0.92,left
0.14,0.3,0.94,-1.53,-5.25,1.4,left
0.13,0.27,0.96,0.79,-3.54,0.31,left
0.14,0.27,0.96,1.46,-1.4,-1.83,left
0.15,0.29,0.95,0.43,-1.22,-1.16,left
0.14,0.29,0.94,0.18,-1.1,-0.06,left
0.14,0.29,0.94,0.79,-1.16,0.43,left
0.13,0.28,0.94,1.53,-0.67,0.37,left
0.13,0.29,0.94,0.73,0.37,-0.12,left
0.13,0.3,0.94,-0.79,0.37,-0.18,left
0.14,0.3,0.93,-1.28,-0.18,-0.06,left
0.13,0.29,0.94,-0.18,-0.61,0.37,left
0.13,0.28,0.94,-0.67,0.49,-0.55,left
0.13,0.28,0.94,-0.43,-0.12,-1.22,left
0.13,0.3,0.94,1.28,-0.79,-2.38,left
0.13,0.3,0.94,0.55,-2.38,-1.95,left
0.13,0.3,0.94,1.77,-4.39,-1.04,left
0.13,0.28,0.95,4.09,-4.09,-1.83,left
0.14,0.29,0.97,5.68,-8.79,-1.77,left
0.11,0.3,0.94,5.43,-9.34,-0.67,left
0.14,0.3,0.98,2.93,-10.07,1.46,left
0.11,0.28,0.95,1.77,-14.04,4.21,left
0.09,0.26,0.92,3.23,-14.04,2.99,left
0.11,0.27,0.92,2.93,-4.82,-0.61,left
0.1,0.29,0.95,5.92,-5.25,0.43,left
0.08,0.28,0.94,5.86,-4.09,-2.44,left
0.1,0.29,0.95,7.75,-2.93,-6.16,left
0.11,0.27,0.94,10.5,-4.94,-7.39,left
0.1,0.26,0.93,17.52,-7.26,-8.79,left
0.11,0.28,0.97,19.41,-8.73,-9.52,left
0.1,0.29,0.98,18.49,-12.63,-6.04,left
0.1,0.27,0.99,12.57,-8.61,-4.27,left
0.11,0.25,0.99,7.87,-2.69,-0.61,left
0.08,0.17,1.02,2.93,-7.51,-0.24,left
0.08,0.18,1.0,4.03,-16.66,-4.58,left
0.08,0.22,0.98,2.5,-16.66,-3.23,left
0.05,0.21,0.93,-1.4,-11.11,0.55,left
0.07,0.24,0.95,-1.1,1.59,-1.83,left
0.06,0.23,0.96,4.21,-3.17,1.1,left
0.05,0.24,0.96,3.85,-3.17,0.61,left
0.04,0.22,0.96,2.08,-2.75,0.73,left
0.05,0.21,0.98,-0.24,-0.31,0.43,left
0.05,0.2,0.96,-1.28,-0.98,0.49,left
0.06,0.22,0.94,-0.98,2.56,0.0,left
0.06,0.24,0.98,1.53,3.66,0.24,left
0.06,0.22,0.98,-2.14,0.98,2.32,left
0.06,0.22,0.96,-2.14,-0.06,1.65,left
0.05,0.2,0.95,0.73,0.73,-0.55,left
0.06,0.2,0.98,2.56,1.1,-2.08,left
0.07,0.21,0.99,-3.23,0.61,-1.95,left
0.08,0.24,0.97,-5.43,-0.12,-1.4,left
0.07,0.24,0.96,-4.15,0.0,-0.98,left
0.07,0.24,0.96,-3.85,0.61,-0.43,left
0.07,0.24,0.95,-5.43,0.61,-0.49,left
0.07,0.24,0.94,-3.42,0.37,-1.04,left
0.07,0.24,0.95,-0.61,1.59,-1.4,left
0.08,0.22,0.97,1.89,2.14,-0.24,left
0.08,0.21,0.97,0.49,2.08,0.43,left
0.07,0.22,0.96,-0.67,2.26,0.0,left
0.07,0.24,0.96,1.71,1.95,-0.18,left
0.07,0.24,0.96,2.5,1.95,0.12,left
0.07,0.25,0.96,2.2,0.61,0.67,left
0.07,0.23,0.98,0.49,-1.46,1.89,left
0.06,0.22,0.96,-3.11,-3.42,2.5,left
0.05,0.22,0.96,-0.43,-3.42,0.0,left
0.06,0.23,0.98,-2.2,-3.85,-1.22,left
0.06,0.26,0.97,-5.43,-9.52,-0.79,left
0.04,0.26,0.94,0.43,-12.27,0.24,left
0.04,0.23,0.96,3.6,-9.4,0.12,left
0.05,0.21,0.98,1.59,-6.04,0.18,left
0.04,0.22,0.98,1.16,-7.14,-0.12,left
0.04,0.23,0.97,0.55,-4.58,-0.67,left
0.04,0.24,0.98,-1.34,-2.87,-0.37,left
0.04,0.24,0.97,-2.62,-4.03,-0.31,left
0.04,0.26,0.97,-1.95,-6.84,0.49,left
0.03,0.27,0.95,2.32,-7.87,1.46,left
0.01,0.21,0.97,2.08,-0.92,0.61,left
0.04,0.22,0.97,0.43,0.92,-1.04,left
0.04,0.21,0.96,2.44,0.06,-0.79,left
0.04,0.21,0.97,3.05,2.69,-0.31,left
0.05,0.23,0.98,3.85,4.82,-0.06,left
0.04,0.23,0.99,0.98,5.8,1.22,left
0.04,0.23,0.97,-2.2,4.52,1.4,left
0.04,0.23,0.95,-2.01,3.97,0.98,left
0.04,0.23,0.95,-1.83,3.85,0.24,left
0.04,0.23,0.96,-3.78,5.31,-0.61,left
0.05,0.24,0.96,-1.53,4.39,-0.79,left
0.04,0.23,0.96,-0.43,3.66,-1.71,left
0.05,0.23,0.96,0.24,3.6,-2.08,left
0.05,0.23,0.97,0.49,3.23,-1.71,left
0.06,0.24,0.97,0.55,2.56,-1.95,left
0.06,0.24,0.97,0.49,0.43,-1.34,left
0.05,0.24,0.96,0.12,-0.12,-0.49,left
0.05,0.23,0.96,-0.37,0.73,-0.43,left
0.05,0.23,0.96,2.2,1.34,-0.98,left
0.05,0.22,0.97,1.46,2.08,-1.34,left
0.06,0.23,0.97,1.22,2.08,-1.83,left
0.06,0.23,0.97,2.01,2.26,-1.71,left
0.07,0.23,0.99,2.5,2.26,-1.53,left
0.06,0.23,0.98,0.55,0.55,0.18,left
0.06,0.23,0.97,-0.98,-0.06,0.85,left
0.05,0.23,0.96,-0.31,0.0,0.67,left
0.05,0.23,0.97,0.79,0.55,-0.06,left
0.05,0.23,0.97,1.22,0.49,-0.49,left
0.06,0.23,0.97,-0.55,0.24,-0.49,left
0.06,0.24,0.96,-0.92,-0.55,-0.12,left
0.05,0.23,0.96,-0.12,-0.67,0.12,left
0.05,0.22,0.96,1.22,-0.24,-0.67,left
0.06,0.23,0.96,1.16,0.37,-1.1,left
0.06,0.23,0.97,0.55,0.37,-0.73,left
0.06,0.23,0.97,0.12,-0.06,-0.18,left
0.06,0.22,0.96,0.06,0.0,-0.06,left
0.06,0.23,0.96,0.12,0.31,-0.49,left
0.06,0.23,0.97,0.31,0.31,-0.92,left
0.06,0.23,0.97,0.12,0.43,-0.79,left
0.07,0.23,0.97,0.24,-0.43,-0.12,left
0.06,0.23,0.97,-0.67,-1.04,0.73,left
0.06,0.22,0.96,-0.85,-0.61,0.61,left
0.06,0.22,0.96,0.06,-0.06,0.0,left
0.06,0.22,0.96,0.31,0.43,-0.61,left
0.06,0.23,0.96,-0.98,0.79,-1.16,left
0.06,0.24,0.96,-1.22,0.92,-1.28,left
0.05,0.24,0.96,-0.67,1.1,-0.61,left
0.05,0.22,0.97,0.0,1.53,-0.24,left
0.05,0.21,0.97,0.0,1.16,-0.24,left
0.05,0.22,0.97,-0.18,1.28,-1.16,left
0.06,0.23,0.98,0.24,1.28,-1.4,left
0.06,0.23,0.98,0.85,0.24,-0.43,left
0.06,0.22,0.97,-0.06,-0.12,0.0,left
0.05,0.23,0.96,-0.79,0.0,-0.18,left
0.06,0.23,0.96,-0.06,0.55,-0.12,left
0.06,0.22,0.97,0.92,0.43,-0.18,left
0.06,0.23,0.97,0.31,0.92,-0.73,left
0.06,0.24,0.97,-0.24,0.49,-0.31,left
0.07,0.23,0.97,0.0,0.31,0.37,left
0.06,0.21,0.97,0.55,0.18,0.43,left
0.06,0.22,0.96,0.55,0.61,0.18,left
0.06,0.23,0.96,0.0,0.55,-0.49,left
0.06,0.24,0.96,-0.31,0.43,-0.73,left
0.06,0.24,0.96,-0.49,0.06,-0.49,left
0.06,0.23,0.96,-0.85,-0.37,-0.31,left
0.06,0.23,0.96,-1.16,-0.37,-0.55,left
0.06,0.22,0.96,-0.67,0.0,-1.53,left
0.06,0.22,0.97,-0.61,0.61,-1.53,left
0.06,0.22,0.98,-0.55,0.37,-1.04,left
0.06,0.23,0.97,-1.4,-0.06,-0.73,left
0.06,0.23,0.96,-1.34,0.37,-0.49,left
0.06,0.23,0.97,0.06,0.31,-0.67,left
0.06,0.23,0.97,-0.18,0.85,-0.73,left
0.06,0.23,0.97,-1.04,0.31,-0.43,left
0.06,0.23,0.96,-0.37,0.61,-0.55,left
0.06,0.23,0.97,0.92,0.67,-0.31,left
0.06,0.23,0.98,-0.37,0.37,0.12,left
0.06,0.23,0.97,-0.55,-0.49,0.18,left
0.06,0.23,0.96,-0.24,-0.06,0.12,left
0.06,0.23,0.96,-0.73,0.06,-0.06,left
0.06,0.23,0.96,-1.53,0.43,-0.61,left
0.06,0.24,0.96,-0.79,0.79,-0.79,left
0.06,0.23,0.97,0.12,0.92,-0.24,left
0.06,0.23,0.98,-0.61,0.43,0.43,left
0.06,0.22,0.97,-0.92,0.0,0.18,left
0.07,0.24,0.96,-0.61,0.12,-0.37,left
0.07,0.23,0.97,0.55,0.12,-0.06,left
0.06,0.23,0.98,-0.12,-0.12,0.06,left
0.06,0.23,0.96,-1.28,-0.31,0.06,left
0.06,0.24,0.96,-1.77,0.12,0.0,left
0.06,0.23,0.96,-0.61,0.31,0.06,left
0.06,0.23,0.96,-0.06,0.55,-0.31,left
0.06,0.23,0.97,-0.12,0.55,-0.55,left
0.07,0.24,0.97,0.12,-0.06,-0.61,left
0.07,0.23,0.97,0.12,-0.06,0.31,left
0.06,0.22,0.97,0.24,-0.12,0.49,left
0.06,0.23,0.96,-0.55,0.12,-0.12,left
0.06,0.24,0.96,-0.49,0.31,-0.55,left
0.06,0.24,0.96,-0.31,0.37,-0.49,left
0.06,0.23,0.97,-0.61,0.0,-0.18,left
0.06,0.23,0.97,-0.67,0.06,-0.24,left
0.06,0.24,0.97,-0.98,0.24,-0.43,left
0.06,0.23,0.97,-0.55,0.12,-0.06,left
0.06,0.23,0.97,-0.24,0.18,-0.18,left
0.06,0.23,0.97,-0.37,0.43,-0.31,left
0.06,0.24,0.96,-0.73,0.12,-0.06,left
0.06,0.24,0.97,0.31,0.31,0.12,left
0.06,0.23,0.97,1.04,0.18,0.12,left
0.06,0.23,0.97,0.31,0.18,0.12,left
0.06,0.24,0.96,-0.24,0.12,0.06,left
0.06,0.23,0.97,0.61,0.55,-0.06,left
0.06,0.23,0.97,0.92,0.55,0.0,left
0.07,0.23,0.96,-0.06,0.12,0.18,left
0.06,0.23,0.96,-0.37,0.24,0.37,left
0.06,0.23,0.96,0.37,0.37,0.31,left
0.06,0.23,0.96,-0.12,0.98,-0.18,left
0.06,0.24,0.97,-1.1,0.73,-0.92,left
0.06,0.25,0.97,-1.04,0.43,-0.55,left
0.06,0.23,0.97,-0.18,-0.18,0.67,left
0.06,0.22,0.96,0.37,0.06,0.37,left
0.06,0.23,0.96,0.37,0.49,-0.24,left
0.07,0.24,0.97,-0.18,0.12,-0.24,left
0.06,0.24,0.97,-0.67,-0.49,0.31,left
0.06,0.24,0.96,-0.92,-0.43,0.43,left
0.06,0.23,0.96,-0.67,0.06,0.06,left
0.06,0.23,0.96,0.0,0.12,-0.12,left
0.06,0.23,0.97,0.12,0.43,-0.49,left
0.07,0.24,0.97,-0.61,0.31,-0.43,left
0.06,0.24,0.96,-0.73,0.06,0.0,left
0.06,0.23,0.97,0.06,0.31,0.31,left
0.06,0.23,0.97,0.55,0.06,0.31,left
0.06,0.24,0.96,-0.55,-0.06,-0.06,left
0.06,0.24,0.96,-0.43,-0.24,0.06,left
0.06,0.23,0.96,0.06,-0.12,0.18,left
0.06,0.23,0.96,-0.61,-0.12,-0.06,left
0.06,0.24,0.96,-1.04,0.12,-0.43,left
0.06,0.24,0.96,-0.12,0.31,-0.24,left
0.06,0.23,0.97,-0.37,0.49,-0.18,left
0.06,0.23,0.97,-0.98,0.12,-0.24,left
0.07,0.24,0.96,-0.67,0.0,-0.06,left
0.06,0.23,0.97,-0.18,0.67,0.06,left
0.06,0.23,0.97,-0.49,0.79,-0.37,left
0.07,0.24,0.97,-0.98,0.49,-0.55,left
0.06,0.25,0.96,-0.73,0.24,-0.18,left
0.06,0.24,0.97,0.67,0.31,0.06,left
0.06,0.24,0.97,0.0,-0.06,0.12,left
0.06,0.24,0.96,-1.28,-0.12,0.06,left
0.06,0.24,0.95,-0.12,0.12,-0.85,left
0.07,0.24,0.96,1.28,0.18,-0.37,left
0.07,0.23,0.96,0.06,0.49,-0.55,left
0.07,0.24,0.96,-0.98,0.43,-0.73,left
0.06,0.24,0.97,-0.61,0.18,-0.61,left
0.06,0.23,0.97,-0.24,-0.06,-0.06,left
0.06,0.23,0.96,0.24,0.0,-0.06,left
0.07,0.24,0.96,0.49,0.31,-0.43,left
0.07,0.24,0.97,-0.06,0.37,-0.37,left
0.06,0.24,0.97,-0.98,-0.24,-0.12,left
0.06,0.24,0.96,-1.28,-0.06,-0.31,left
0.06,0.24,0.95,-0.98,0.18,-0.61,left
0.06,0.23,0.96,-0.18,0.49,-0.92,left
0.06,0.23,0.97,-0.12,0.55,-0.67,left
0.07,0.23,0.97,-0.73,0.37,-0.49,left
0.07,0.24,0.97,-0.18,0.31,-0.67,left
0.07,0.24,0.97,0.55,0.49,-0.43,left
0.07,0.24,0.97,0.06,0.06,0.24,left
0.06,0.24,0.96,-0.49,-0.37,0.43,left
0.06,0.24,0.95,-0.18,0.12,-0.18,left
0.06,0.24,0.96,0.49,0.55,-0.67,left
0.07,0.24,0.97,0.06,0.43,-0.55,left
0.07,0.24,0.97,-0.98,-0.37,-0.37,left
0.07,0.24,0.96,-1.65,-0.37,-0.31,left
0.06,0.24,0.96,-0.92,-0.18,-0.12,left
0.06,0.23,0.96,-0.06,0.37,-0.31,left
0.06,0.24,0.97,-0.31,0.43,-0.43,left
0.06,0.24,0.97,-0.31,0.37,-0.31,left
0.06,0.24,0.97,-0.06,0.43,-0.37,left
0.07,0.24,0.97,0.18,0.67,-0.37,left
0.07,0.24,0.97,-0.24,0.24,-0.12,left
0.06,0.24,0.96,-0.43,0.06,0.12,left
0.06,0.24,0.96,0.06,-0.12,0.18,left
0.06,0.24,0.96,0.18,0.12,-0.06,left
0.06,0.23,0.96,0.06,0.12,-0.18,left
0.06,0.24,0.97,-0.37,0.0,-0.43,left
0.06,0.25,0.96,-1.4,-0.43,-0.61,left
0.06,0.26,0.96,-1.53,-0.73,-1.1,left
0.06,0.25,0.96,-0.85,-0.73,-0.92,left
0.06,0.23,0.96,-0.67,-0.67,0.06,left
0.06,0.22,0.96,-0.24,-0.18,0.12,left
0.07,0.23,0.97,0.31,0.06,-0.49,left
0.07,0.24,0.97,0.12,0.43,-0.79,left
0.07,0.25,0.97,-0.31,-0.06,0.18,left
0.06,0.24,0.96,0.06,-0.18,0.43,left
0.06,0.24,0.96,-0.12,0.79,-0.06,left
0.06,0.24,0.96,-0.12,0.67,-0.06,left
0.06,0.24,0.96,0.0,0.55,-0.31,left
0.06,0.24,0.97,0.67,0.67,-0.73,left
0.06,0.25,0.98,0.12,0.06,-0.67,left
0.07,0.24,0.97,-0.49,-0.61,-0.31,left
0.07,0.23,0.96,-0.55,-0.73,-0.06,left
0.06,0.23,0.96,-0.06,-0.37,-0.12,left
0.06,0.24,0.95,-0.06,0.0,-0.43,left
0.06,0.25,0.96,0.24,0.18,-0.73,left
0.07,0.24,0.97,0.24,0.24,-0.49,left
0.07,0.24,0.97,-0.43,0.06,-0.24,left
0.06,0.24,0.96,-0.98,0.0,0.0,left
0.06,0.23,0.96,-0.24,0.31,-0.37,left
0.07,0.24,0.96,0.37,0.61,-0.61,left
0.06,0.25,0.97,-0.31,0.18,-0.18,left
0.06,0.24,0.97,-0.61,0.0,0.06,left
0.06,0.24,0.96,-0.43,0.0,-0.06,left
0.06,0.24,0.97,-0.43,-0.18,-0.73,left
0.06,0.25,0.96,-1.04,-0.92,-0.79,left
0.06,0.25,0.96,-1.53,-1.16,-0.79,left
0.06,0.24,0.96,-0.73,-0.79,-0.37,left
0.06,0.23,0.97,-0.31,-0.49,-0.18,left
0.06,0.23,0.97,-0.24,-0.43,-0.43,left
0.07,0.24,0.96,-0.37,-0.43,-0.24,left
0.07,0.24,0.96,-0.49,0.12,-0.55,left
0.07,0.25,0.96,0.12,0.79,-0.73,left
0.06,0.24,0.97,0.12,0.73,-0.18,left
0.06,0.24,0.97,-0.12,0.31,0.37,left
0.07,0.23,0.96,0.37,0.43,0.43,left
0.06,0.23,0.96,0.98,0.73,0.31,left
0.06,0.24,0.96,0.73,0.79,0.12,left
0.06,0.25,0.96,0.12,0.49,0.12,left
0.06,0.24,0.96,0.18,0.24,0.37,left
0.06,0.24,0.96,0.0,0.24,0.24,left
0.06,0.24,0.96,0.31,0.73,-0.31,left
0.06,0.23,0.96,0.49,0.55,-0.49,left
0.07,0.24,0.97,-0.43,0.55,-0.85,left
0.07,0.25,0.98,-0.31,0.37,-0.55,left
0.06,0.24,0.98,-0.18,0.0,-0.43,left
0.06,0.24,0.97,-1.28,-0.73,0.06,left
0.06,0.24,0.95,-0.79,-0.67,0.24,left
0.06,0.24,0.96,0.85,0.49,-0.49,left
0.07,0.24,0.97,0.37,0.37,-0.49,left
0.07,0.24,0.97,-0.18,0.06,-0.18,left
0.07,0.25,0.97,-0.12,-0.12,-0.43,left
0.07,0.25,0.96,-0.49,-0.24,-0.06,left
0.06,0.24,0.96,-0.67,-0.31,0.12,left
0.06,0.24,0.96,-0.37,0.12,-0.12,left
0.06,0.24,0.97,0.31,0.55,-0.18,left
0.06,0.24,0.97,0.31,0.24,-0.06,left
0.06,0.24,0.97,-0.06,0.31,-0.18,left
0.06,0.25,0.97,-0.12,0.06,0.0,left
0.06,0.24,0.97,0.18,-0.31,0.18,left
0.06,0.24,0.96,-0.24,-0.49,0.0,left
0.06,0.24,0.96,-0.24,-0.43,-0.06,left
0.06,0.24,0.96,-0.18,-0.18,-0.37,left
0.06,0.24,0.96,0.31,-0.12,-0.43,left
0.07,0.24,0.96,0.37,0.0,-0.31,left
0.07,0.23,0.96,-1.1,-0.18,-0.12,left
0.06,0.25,0.96,-1.46,0.24,-0.73,left
0.06,0.25,0.97,0.06,0.37,-0.92,left
0.06,0.24,0.97,-0.12,-0.18,-0.18,left
0.06,0.24,0.97,-1.16,-0.55,0.55,left
0.06,0.23,0.96,-0.31,-0.43,0.24,left
0.06,0.24,0.96,0.98,0.12,-0.61,left
0.07,0.25,0.97,0.31,-0.06,-0.37,left
0.06,0.24,0.96,-0.61,-0.67,0.12,left
0.06,0.24,0.96,-0.85,-0.61,-0.06,left
0.06,0.25,0.96,-0.24,-0.18,-0.37,left
0.06,0.24,0.96,0.18,-0.18,-0.12,left
0.06,0.23,0.96,0.0,0.49,-0.61,left
0.06,0.24,0.96,-0.24,0.73,-1.22,left
0.06,0.24,0.96,-0.79,1.65,-2.01,left
0.07,0.24,0.96,-1.16,1.65,-1.4,left
0.06,0.24,0.97,-0.37,1.22,-0.67,left
0.07,0.25,0.97,-0.31,0.37,-0.55,left
0.07,0.26,0.97,-0.73,-0.24,-0.31,left
0.07,0.25,0.96,-0.49,-1.16,0.18,left
0.06,0.24,0.95,-0.92,-1.53,0.31,left
0.06,0.24,0.95,-1.28,-1.04,-0.06,left
0.06,0.24,0.95,-0.79,-0.61,-0.43,left
0.06,0.25,0.96,-0.79,0.12,-0.31,left
0.06,0.24,0.96,-0.67,0.37,0.24,left
0.06,0.23,0.96,-0.49,1.53,-0.79,left
0.06,0.24,0.96,-1.16,2.56,-2.5,left
0.07,0.25,0.96,-0.61,2.08,-2.08,left
0.07,0.25,0.97,-0.49,1.4,-1.16,left
0.07,0.25,0.97,-1.1,0.31,-0.24,left
0.07,0.25,0.96,-1.46,-0.06,0.12,left
0.06,0.24,0.95,-0.61,0.43,0.0,left
0.07,0.24,0.97,0.55,0.79,-0.24,left
0.07,0.25,0.96,-0.92,0.18,-0.24,left
0.07,0.26,0.96,-1.22,0.37,-0.55,left
0.06,0.26,0.96,-0.61,0.49,-0.55,left
0.06,0.25,0.97,-0.85,0.37,-0.12,left
0.06,0.24,0.96,-0.79,0.85,-0.79,left
0.06,0.24,0.97,0.18,1.59,-2.08,left
0.07,0.26,0.97,0.24,1.04,-2.75,left
0.07,0.27,0.98,-0.31,-0.73,-1.34,left
0.07,0.25,0.97,-1.59,-2.08,0.18,left
0.06,0.24,0.96,-1.95,-1.89,0.49,left
0.06,0.24,0.95,-0.79,-1.22,0.24,left
0.06,0.24,0.95,0.18,0.18,-0.18,left
0.07,0.24,0.96,0.67,0.67,-0.12,left
0.07,0.25,0.97,0.67,0.92,-0.31,left
0.07,0.25,0.97,0.31,0.24,-0.12,left
0.07,0.25,0.96,-0.12,-0.06,0.37,left
0.06,0.24,0.95,0.18,-0.24,0.12,left
0.06,0.24,0.94,-0.12,0.37,-0.61,left
0.06,0.25,0.95,-0.61,0.98,-1.28,left
0.07,0.25,0.96,0.31,0.73,-1.1,left
0.07,0.25,0.97,0.55,0.37,-0.73,left
0.07,0.25,0.97,-1.22,-0.18,-0.37,left
0.07,0.26,0.96,-1.28,-0.61,-0.24,left
0.06,0.25,0.96,-0.49,-0.24,0.0,left
0.06,0.24,0.97,0.79,0.06,0.31,left
0.07,0.24,0.96,0.0,0.12,0.12,left
0.07,0.25,0.96,-0.31,-0.12,0.0,left
0.07,0.25,0.96,0.43,0.12,-0.18,left
0.06,0.26,0.97,0.55,0.24,-0.12,left
0.07,0.26,0.97,0.31,-0.37,0.12,left
0.06,0.25,0.96,-0.06,-0.43,0.06,left
0.06,0.24,0.96,0.55,-0.49,0.18,left
0.06,0.24,0.96,0.61,-0.37,0.18,left
0.06,0.24,0.95,-0.37,-0.37,-0.06,left
0.07,0.25,0.95,0.06,-0.06,-0.18,left
0.07,0.24,0.96,0.18,0.18,-0.24,left
0.07,0.25,0.96,-1.1,0.31,-0.55,left
0.06,0.26,0.96,-1.34,0.24,-0.61,left
0.06,0.25,0.96,-0.85,-0.06,-0.31,left
0.06,0.25,0.96,-0.37,0.06,0.0,left
0.06,0.25,0.96,-0.79,-0.06,0.06,left
0.07,0.25,0.96,-1.46,-0.18,0.18,left
0.06,0.25,0.96,-1.16,-0.31,-0.06,left
0.07,0.25,0.96,-0.79,-0.06,-0.06,left
0.06,0.25,0.96,-1.28,0.12,0.31,left
0.06,0.25,0.95,-0.92,0.43,0.06,left
0.06,0.25,0.96,0.79,1.34,-0.43,left
0.07,0.25,0.97,0.85,1.46,-0.49,left
0.07,0.25,0.97,-0.49,0.43,0.12,left
0.06,0.25,0.96,-0.37,0.06,0.18,left
0.06,0.25,0.96,0.0,-0.06,0.18,left
0.06,0.25,0.96,0.18,0.43,0.18,left
0.06,0.25,0.96,0.12,0.37,0.0,left
0.06,0.26,0.97,-0.18,-0.12,-0.18,left
0.07,0.26,0.96,-0.67,-0.43,0.18,left
0.06,0.25,0.96,-0.61,-0.31,0.31,left
0.06,0.24,0.96,0.12,0.18,-0.37,left
0.07,0.25,0.96,-0.67,0.18,-0.37,left
0.07,0.26,0.96,-0.18,0.0,-0.18,left
0.06,0.25,0.97,0.49,0.18,-0.06,left
0.06,0.25,0.97,0.37,-0.18,0.18,left
0.06,0.24,0.97,-0.43,-0.43,0.18,left
0.06,0.25,0.96,-0.37,0.06,0.0,left
0.06,0.25,0.96,0.37,0.24,0.0,left
0.07,0.26,0.97,0.43,-0.37,0.18,left
0.07,0.26,0.97,0.18,-1.22,0.73,left
0.06,0.26,0.96,-0.79,-2.14,0.92,left
0.06,0.26,0.96,1.34,-1.65,0.24,left
0.07,0.26,0.97,1.4,-0.67,-0.12,left
0.06,0.25,0.95,0.61,-1.83,0.79,left
0.06,0.24,0.95,0.31,-1.22,0.31,left
0.07,0.25,0.95,-2.75,0.37,-0.12,left
0.06,0.26,0.96,-0.92,0.79,-0.67,left
0.06,0.26,0.97,-0.92,0.31,0.67,left
0.06,0.25,0.96,-1.59,-0.43,1.34,left
0.05,0.24,0.96,-0.92,-0.37,1.04,left
0.06,0.25,0.96,-0.18,0.79,-0.61,left
0.06,0.26,0.96,0.0,0.61,-0.79,left
0.06,0.26,0.96,-0.79,0.12,0.0,left
0.06,0.26,0.96,-1.65,0.0,0.55,left
0.05,0.26,0.96,-0.85,-0.61,-0.31,left
0.05,0.25,0.96,-1.71,-0.24,-0.79,left
0.06,0.25,0.96,-2.32,0.24,-1.1,left
0.06,0.25,0.96,-0.24,-0.24,-0.43,left
0.06,0.25,0.96,-0.31,-0.06,-0.67,left
0.06,0.26,0.96,-0.98,-0.31,-0.73,left
0.06,0.25,0.96,-0.18,-0.12,-0.79,left
0.06,0.26,0.96,0.0,0.12,-0.98,left
0.06,0.26,0.96,-1.28,-0.49,-0.73,left
0.06,0.26,0.95,-1.71,-0.18,-0.79,left
0.06,0.26,0.96,-0.67,0.0,-1.1,left
0.06,0.25,0.96,-0.55,0.24,-0.92,left
0.06,0.26,0.96,-1.71,0.49,-0.55,left
0.06,0.26,0.96,-1.34,1.04,-0.31,left
0.06,0.25,0.97,-0.67,1.28,-0.49,left
0.06,0.26,0.96,-0.85,1.16,-0.31,left
0.06,0.26,0.96,-0.31,0.61,0.0,left
0.06,0.25,0.96,0.37,0.61,-0.06,left
0.07,0.25,0.96,1.28,0.98,-0.24,left
0.06,0.26,0.97,1.46,0.98,-0.12,left
0.06,0.26,0.96,0.98,0.61,-0.06,left
0.06,0.27,0.95,-0.31,0.18,0.0,left
0.06,0.25,0.95,0.31,0.18,0.24,left
0.06,0.25,0.95,0.18,0.92,-0.55,left
0.06,0.26,0.95,-0.31,1.28,-1.1,left
0.06,0.27,0.96,-0.61,1.22,-1.04,left
0.06,0.26,0.97,-1.04,0.98,-0.49,left
0.06,0.25,0.96,-1.1,0.55,0.0,left
0.06,0.25,0.96,-1.34,0.98,0.0,left
0.07,0.27,0.95,-1.22,0.55,-0.67,left
0.07,0.27,0.95,-1.22,0.37,-0.55,left
0.06,0.26,0.96,-0.49,-0.06,-0.06,left
0.06,0.26,0.95,-0.18,0.06,-0.37,left
0.06,0.26,0.95,-0.18,0.55,-0.79,left
0.06,0.26,0.96,-0.24,0.67,-0.06,left
0.06,0.26,0.96,0.24,0.92,-0.31,left
0.06,0.27,0.96,0.31,0.85,-0.43,left
0.07,0.27,0.97,0.61,0.73,-0.43,left
0.07,0.27,0.97,0.31,0.43,0.18,left
0.07,0.26,0.96,0.12,-0.12,0.31,left
0.07,0.26,0.96,0.55,-0.06,-0.06,left
0.07,0.26,0.95,0.24,-0.18,0.24,left
0.07,0.26,0.94,-0.37,-0.12,0.0,left
0.07,0.27,0.94,0.73,0.98,-1.1,left
0.07,0.28,0.96,1.1,1.34,-0.92,left
0.07,0.27,0.97,-0.43,0.18,0.24,left
0.07,0.26,0.96,-0.55,-0.31,0.18,left
0.07,0.26,0.95,0.18,-0.06,-0.31,left
0.07,0.26,0.96,-0.55,-0.06,-0.43,left
0.06,0.28,0.96,-1.28,-0.55,-0.55,left
0.06,0.3,0.98,0.43,-0.67,-1.89,left
0.06,0.36,1.01,2.44,-1.04,-2.14,left
0.06,0.44,1.07,8.24,-2.69,-1.95,left
0.04,0.54,1.17,4.7,-8.54,4.76,left
0.01,0.64,1.23,-6.53,-21.67,9.95,left
-0.03,0.8,1.11,-8.36,-32.47,12.88,left
-0.05,0.83,0.98,12.21,-21.12,33.45,left
-0.03,0.71,0.93,36.99,-23.86,33.69,left
-0.04,0.53,0.9,47.18,-31.31,52.43,left
-0.04,0.3,0.92,33.14,-34.42,58.17,left
-0.05,0.23,0.89,18.8,-42.6,61.4,left
-0.04,0.23,0.82,11.11,-42.66,56.7,left
-0.05,0.23,0.83,17.76,-27.89,59.51,left
-0.08,0.17,0.9,25.51,-17.03,63.17,left
-0.12,0.1,0.85,20.26,-9.34,58.65,left
-0.15,0.09,0.74,20.14,2.62,43.03,left
-0.06,0.2,0.75,48.1,22.4,25.57,left
-0.01,0.22,0.92,75.87,27.65,30.64,left
-0.0,0.15,1.02,62.13,31.37,39.61,left
-0.01,0.11,0.95,0.85,40.77,49.99,left
-0.03,0.08,0.78,-2.99,52.49,49.99,left
0.01,0.09,0.82,33.02,73.79,28.81,left
0.08,-0.01,1.01,45.29,81.97,23.56,left
0.08,-0.13,1.06,34.24,79.35,22.09,left
0.07,-0.17,1.0,-2.75,67.75,18.13,left
-0.02,-0.24,0.91,-12.57,58.65,4.58,left
-0.07,-0.26,0.87,-6.1,61.16,-49.26,left
0.2,-0.17,1.03,1.83,54.99,-96.8,left
0.2,-0.21,1.07,-21.36,12.7,-124.21,left
0.18,-0.23,0.93,-55.91,5.74,-131.53,left
0.24,-0.17,0.9,-72.94,2.26,-126.83,left
0.3,-0.12,0.88,-42.11,-11.84,-124.33,left
0.39,-0.1,1.16,-5.25,-25.63,-121.77,left
0.32,-0.17,1.16,3.72,-30.64,-85.27,left
0.15,-0.25,1.07,0.06,-12.7,-52.67,left
0.14,-0.26,1.05,1.46,-2.5,-28.93,left
0.16,-0.15,1.0,-1.71,-10.68,-1.89,left
0.23,0.06,0.92,-3.91,-10.99,8.61,left
0.24,0.12,0.94,-1.22,-5.07,20.94,left
0.19,0.12,0.97,-1.1,-0.24,19.9,left
0.18,0.12,1.01,3.05,-3.42,12.08,left
0.16,0.13,1.0,6.35,-11.72,4.64,left
0.1,0.07,0.98,6.16,-10.38,3.97,left
0.07,0.01,0.97,5.55,-6.41,2.56,left
0.06,0.0,0.98,4.7,-4.76,1.04,left
0.08,0.04,0.99,3.78,-3.91,1.77,left
0.09,0.06,1.01,-0.55,-0.61,3.78,left
0.1,0.06,1.03,-5.8,1.89,5.07,left
0.11,0.06,1.0,-8.73,1.46,5.31,left
0.11,0.07,0.97,-7.32,0.0,4.03,left
0.12,0.1,0.96,-2.38,-0.12,1.89,left
0.13,0.1,0.98,-0.61,1.46,1.1,left
0.13,0.08,1.0,-0.61,1.83,0.85,left
0.13,0.06,1.02,-1.65,-0.43,0.37,left
0.12,0.06,1.0,-1.71,-2.14,0.31,left
0.12,0.07,0.98,-1.83,-2.69,1.1,left
0.11,0.07,0.99,-0.85,-1.34,1.4,left
0.12,0.08,0.99,-2.14,-0.85,1.53,left
0.11,0.07,0.97,-2.32,1.1,2.08,left
0.11,0.07,1.0,-1.34,-0.18,1.16,left
0.12,0.08,0.98,-0.85,-1.04,1.04,left
0.11,0.07,0.99,-0.06,-0.55,1.46,left
0.11,0.07,0.99,-0.31,-0.98,1.46,left
-0.96,0.22,-0.17,0.92,5.0,-3.85,up
-0.95,0.22,-0.17,0.92,5.68,-4.58,up
-0.95,0.21,-0.17,1.28,6.16,-4.46,up
-0.95,0.21,-0.18,1.4,7.2,-4.21,up
-0.95,0.22,-0.18,1.59,7.45,-3.54,up
-0.95,0.22,-0.18,1.77,6.59,-3.48,up
-0.95,0.21,-0.18,1.1,5.19,-3.36,up
-0.94,0.21,-0.18,0.98,4.58,-2.56,up
-0.95,0.21,-0.18,1.34,3.72,-1.46,up
-0.95,0.22,-0.19,0.98,2.08,-0.49,up
-0.95,0.22,-0.18,0.49,0.55,-0.31,up
-0.95,0.21,-0.18,0.79,-1.71,0.85,up
-0.95,0.22,-0.18,0.85,-2.69,1.65,up
-0.95,0.22,-0.18,0.49,-3.91,2.08,up
-0.95,0.22,-0.18,0.12,-4.64,2.08,up
-0.95,0.22,-0.18,0.0,-5.13,2.32,up
-0.95,0.22,-0.17,0.06,-5.19,2.81,up
-0.95,0.22,-0.17,-0.12,-5.0,2.81,up
-0.95,0.22,-0.17,0.0,-4.64,2.44,up
-0.95,0.22,-0.17,-0.06,-4.15,2.2,up
-0.95,0.22,-0.17,0.0,-3.36,1.71,up
-0.95,0.22,-0.17,0.18,-1.95,0.85,up
-0.95,0.22,-0.17,0.31,-1.04,0.18,up
-0.95,0.22,-0.17,0.31,0.31,-0.79,up
-0.95,0.22,-0.17,0.61,1.1,-1.22,up
-0.95,0.22,-0.17,0.61,1.95,-1.83,up
-0.95,0.22,-0.17,0.49,3.05,-2.62,up
-0.95,0.22,-0.17,0.67,3.48,-2.99,up
-0.95,0.22,-0.17,0.73,3.54,-3.3,up
-0.95,0.22,-0.17,0.92,3.66,-3.23,up
-0.95,0.22,-0.18,1.1,3.85,-2.93,up
-0.95,0.22,-0.18,1.04,4.15,-2.38,up
-0.96,0.22,-0.18,0.85,3.66,-2.32,up
-0.95,0.22,-0.18,1.16,2.38,-1.59,up
-0.95,0.22,-0.18,0.85,1.71,-1.04,up
-0.94,0.22,-0.18,0.49,1.04,-0.61,up
-0.94,0.22,-0.18,0.73,0.18,0.0,up
-0.95,0.22,-0.18,0.61,-0.31,0.55,up
-0.95,0.22,-0.18,0.61,-0.92,1.16,up
-0.96,0.22,-0.18,0.55,-1.71,1.22,up
-0.95,0.22,-0.18,0.18,-2.44,0.98,up
-0.95,0.22,-0.17,-0.12,-3.48,0.98,up
-0.94,0.22,-0.17,0.18,-3.66,1.22,up
-0.95,0.22,-0.17,0.37,-3.05,1.65,up
-0.95,0.23,-0.17,0.18,-2.69,1.53,up
-0.95,0.23,-0.17,0.24,-2.44,0.92,up
-0.95,0.23,-0.17,0.31,-2.2,0.43,up
-0.95,0.23,-0.17,0.18,-1.77,0.0,up
-0.95,0.23,-0.17,0.49,-0.61,-0.31,up
-0.95,0.23,-0.17,0.67,0.49,-0.31,up
-0.95,0.23,-0.17,0.43,1.46,-0.92,up
-0.95,0.23,-0.17,0.49,1.71,-1.34,up
-0.95,0.22,-0.17,0.61,1.89,-1.59,up
-0.95,0.22,-0.17,0.67,2.56,-1.53,up
-0.95,0.23,-0.17,0.67,2.99,-1.4,up
-0.95,0.23,-0.18,0.92,2.93,-1.65,up
-0.95,0.22,-0.18,0.55,2.62,-2.01,up
-0.95,0.22,-0.18,0.43,2.08,-2.08,up
-0.95,0.22,-0.18,0.55,1.89,-1.65,up
-0.95,0.22,-0.18,0.73,1.4,-1.16,up
-0.95,0.22,-0.18,0.61,1.04,-0.85,up
-0.95,0.22,-0.18,0.73,0.31,-0.31,up
-0.95,0.22,-0.18,0.49,-0.37,-0.37,up
-0.94,0.22,-0.17,0.12,-1.04,-0.37,up
-0.94,0.22,-0.17,0.43,-1.22,0.37,up
-0.95,0.22,-0.17,0.37,-1.1,0.67,up
-0.95,0.23,-0.17,0.0,-1.59,0.85,up
-0.96,0.23,-0.17,0.73,-1.71,1.22,up
-0.96,0.23,-0.17,0.12,-1.4,0.85,up
-0.94,0.22,-0.17,-1.04,-2.56,-0.06,up
-0.93,0.22,-0.16,0.67,-2.5,0.55,up
-0.94,0.23,-0.17,0.49,0.24,1.16,up
-0.95,0.23,-0.17,-0.61,0.06,0.31,up
-0.95,0.23,-0.17,0.55,-0.85,0.49,up
-0.97,0.23,-0.18,1.28,1.59,2.08,up
-0.97,0.24,-0.18,0.24,0.98,0.31,up
-0.95,0.23,-0.17,-0.98,-2.75,-3.36,up
-0.9,0.22,-0.16,0.49,-1.89,-2.99,up
-0.91,0.22,-0.16,-0.18,1.46,-1.1,up
-0.96,0.23,-0.18,1.89,2.5,0.43,up
-0.99,0.24,-0.18,2.87,2.62,0.79,up
-0.99,0.24,-0.18,-0.24,0.43,-3.3,up
-0.95,0.22,-0.17,-1.59,-2.38,-5.74,up
-0.92,0.21,-0.16,2.14,-3.78,-4.58,up
-0.92,0.21,-0.16,2.01,-1.1,-1.65,up
-0.96,0.23,-0.17,2.38,2.69,2.08,up
-0.99,0.24,-0.18,2.01,2.93,2.26,up
-0.96,0.23,-0.17,-0.24,0.73,-0.79,up
-0.93,0.22,-0.17,0.67,2.56,1.83,up
-0.94,0.24,-0.17,3.48,4.88,5.07,up
-0.96,0.25,-0.18,4.33,6.84,7.26,up
-0.96,0.25,-0.18,-0.31,6.96,2.62,up
-0.94,0.24,-0.18,1.89,5.8,0.37,up
-0.9,0.23,-0.17,-3.36,2.99,-5.19,up
-0.93,0.23,-0.17,-1.95,4.21,-2.14,up
-1.0,0.26,-0.19,8.12,5.92,4.03,up
-0.99,0.26,-0.18,4.33,-2.5,-6.71,up
-0.92,0.23,-0.17,-6.77,-2.44,-15.5,up
-0.89,0.21,-0.16,-1.89,-8.42,-15.2,up
-0.93,0.21,-0.16,7.32,-9.58,-7.75,up
-0.97,0.23,-0.16,3.17,-6.53,-6.04,up
-0.99,0.23,-0.17,-2.87,-6.23,-8.06,up
-0.96,0.22,-0.16,-0.55,-9.4,-7.57,up
-0.94,0.21,-0.15,2.62,-10.86,-4.64,up
-0.93,0.21,-0.14,1.95,-8.42,-1.59,up
-0.94,0.22,-0.15,2.56,-1.77,5.55,up
-0.98,0.23,-0.16,2.5,1.83,9.22,up
-0.98,0.24,-0.17,1.46,3.11,10.5,up
-0.97,0.24,-0.17,1.83,2.5,10.31,up
-0.93,0.24,-0.16,1.95,3.05,10.19,up
-0.91,0.24,-0.16,1.04,6.96,11.35,up
-0.93,0.25,-0.17,1.83,8.97,12.76,up
-0.95,0.26,-0.18,3.48,10.01,13.37,up
-0.96,0.27,-0.18,2.69,9.7,8.85,up
-0.95,0.26,-0.18,1.1,8.91,3.85,up
-0.94,0.26,-0.18,-0.24,8.48,-0.31,up
-0.94,0.26,-0.18,-0.18,7.26,-4.52,up
-0.95,0.25,-0.18,0.18,5.49,-6.96,up
-0.94,0.24,-0.18,-1.65,2.75,-10.93,up
-0.93,0.23,-0.18,-1.77,1.4,-11.9,up
-0.93,0.23,-0.17,-1.95,0.12,-10.93,up
-0.77,0.58,-0.12,-60.67,5.0,-21.42,up
-0.94,0.45,-0.16,5.68,24.54,-72.2,up
-1.12,0.14,-0.23,26.61,-16.3,-53.41,up
-1.02,0.22,-0.15,67.14,-15.56,-56.15,up
-0.79,0.14,0.53,280.64,9.16,-61.89,up
-1.35,0.42,0.31,128.3,53.53,25.63,up
-1.12,-0.32,-0.84,152.95,109.56,-49.19,up
-1.0,0.59,0.3,138.92,100.46,-13.85,up
-1.02,0.48,0.36,317.81,118.84,-23.25,up
-0.85,0.26,0.23,200.13,158.63,-3.05,up
-0.94,0.4,0.27,70.43,135.5,8.06,up
-1.09,0.44,0.53,86.0,113.4,-24.05,up
-1.08,0.13,0.64,162.66,182.98,10.01,up
-0.83,0.07,0.2,52.92,243.96,37.48,up
-0.67,0.29,0.05,-24.78,141.11,26.37,up
-0.69,0.21,0.56,6.96,52.43,23.13,up
-0.75,0.18,0.54,-17.21,50.9,25.82,up
-0.69,-0.08,0.38,-90.94,71.72,52.12,up
-0.63,0.58,0.44,-125.24,36.19,116.21,up
-0.67,1.25,0.54,17.27,10.93,-85.14,up
-0.61,0.23,0.66,24.05,59.88,-73.12,up
-0.81,0.47,0.72,37.41,136.54,-82.76,up
-0.68,0.31,0.68,-24.96,186.28,-70.43,up
-0.56,0.32,0.68,-33.63,140.26,-23.56,up
-0.55,0.36,0.7,-29.24,92.59,1.1,up
-0.58,0.34,0.86,-27.04,72.2,15.14,up
-0.57,0.35,0.86,-44.49,92.9,21.06,up
-0.54,0.34,0.81,-38.51,104.49,16.66,up
-0.48,0.32,0.74,-21.79,91.13,11.17,up
-0.42,0.35,0.73,4.39,49.99,7.87,up
-0.35,0.39,0.8,55.85,3.72,-2.5,up
-0.37,0.34,0.76,35.46,-6.84,-0.06,up
-0.38,0.28,0.77,20.94,-10.56,-0.31,up
-0.39,0.27,0.78,21.55,4.03,4.64,up
-0.39,0.34,0.92,27.65,8.91,7.2,up
-0.36,0.39,0.93,21.61,16.97,0.92,up
-0.31,0.4,0.93,17.27,16.11,1.34,up
-0.35,0.25,0.88,27.04,20.57,3.97,up
-0.35,0.16,0.92,71.23,51.7,16.97,up
-0.34,0.2,0.94,89.17,60.67,17.03,up
-0.39,0.25,0.91,67.69,52.31,3.72,up
-0.34,0.22,0.84,-5.25,34.18,4.33,up
-0.36,0.19,0.75,-34.3,23.5,-2.56,up
-0.25,0.46,0.89,-35.34,11.23,-8.61,up
-0.23,0.39,0.96,21.79,28.81,-17.4,up
-0.29,0.28,0.9,28.99,34.42,-13.31,up
-0.29,0.24,0.89,28.38,27.89,-19.53,up
-0.27,0.19,0.89,27.4,16.66,-21.61,up
-0.28,0.16,0.9,18.98,4.15,-18.37,up
-0.26,0.15,0.95,12.15,-1.04,-15.93,up
-0.25,0.19,0.96,-1.65,-1.4,-10.38,up
-0.25,0.18,0.95,-10.31,2.2,-10.01,up
-0.25,0.2,0.92,-9.03,-0.06,-4.94,up
-0.24,0.23,0.94,-5.31,-2.32,-7.26,up
-0.21,0.2,0.94,0.31,14.95,-7.75,up
-0.22,0.21,0.97,-2.32,26.98,2.99,up
-0.23,0.22,0.98,-3.78,28.99,9.64,up
-0.23,0.23,0.96,-6.35,18.19,0.98,up
-0.21,0.24,0.93,-2.26,3.78,-6.9,up
-0.19,0.23,0.91,7.2,-2.38,-7.2,up
-0.21,0.21,0.91,15.38,-2.87,-3.05,up
-0.2,0.19,0.94,10.93,-1.28,-2.38,up
-0.2,0.19,0.92,7.75,-6.47,-0.73,up
-0.21,0.18,0.93,7.87,-10.19,-1.16,up
-0.21,0.18,0.93,6.35,-12.51,-3.11,up
-0.22,0.19,0.97,9.22,-10.07,-3.05,up
-0.22,0.21,0.98,5.25,-5.92,-0.55,up
-0.23,0.22,0.98,-4.03,1.04,-3.17,up
-0.23,0.23,0.93,-6.9,1.16,-3.97,up
-0.22,0.22,0.91,-1.59,0.12,-2.75,up
-0.22,0.21,0.94,3.72,-0.37,-0.85,up
-0.22,0.21,0.96,3.3,5.31,2.01,up
-0.23,0.21,0.98,-2.38,10.74,2.93,up
-0.23,0.19,0.97,-5.0,7.75,1.83,up
-0.22,0.19,0.96,-7.45,8.12,-0.92,up
-0.22,0.2,0.94,-5.25,6.84,-0.61,up
-0.22,0.2,0.95,-0.92,5.62,0.24,up
-0.21,0.2,0.95,-1.83,5.49,-0.55,up
-0.2,0.2,0.94,-0.98,3.6,-0.73,up
-0.2,0.2,0.94,0.24,3.54,0.18,up
-0.19,0.21,0.93,0.67,2.99,1.1,up
-0.18,0.21,0.93,-0.24,4.39,2.08,up
-0.19,0.21,0.92,0.98,3.54,5.43,up
-0.2,0.22,0.91,3.17,2.26,5.55,up
-0.2,0.22,0.92,2.62,2.5,4.76,up
-0.19,0.22,0.92,0.79,4.58,5.19,up
-0.19,0.21,0.95,2.69,5.8,5.25,up
-0.2,0.2,0.97,5.0,4.46,4.64,up
-0.2,0.21,0.98,3.11,1.53,0.24,up
-0.19,0.21,0.96,-0.92,2.08,-1.46,up
-0.19,0.21,0.94,-2.01,1.59,-0.98,up
-0.2,0.2,0.93,0.49,2.93,-0.49,up
-0.21,0.21,0.98,4.09,6.16,-0.24,up
-0.24,0.22,1.09,8.79,14.77,4.09,up
-0.36,0.22,1.37,2.01,25.57,4.58,up
-0.44,0.25,1.52,-16.24,32.1,-4.03,up
-0.43,0.29,1.63,-33.94,7.81,-21.0,up
-0.38,0.29,1.53,-32.23,-16.85,-15.69,up
-0.35,0.27,1.46,-0.79,-25.15,-0.49,up
-0.36,0.26,1.55,2.99,-31.31,1.1,up
-0.32,0.25,1.53,-15.81,-47.55,-12.88,up
-0.19,0.29,1.34,-45.65,-73.73,-18.92,up
-0.08,0.42,1.01,-42.85,-81.73,2.2,up
-0.06,0.45,0.89,-26.92,-70.74,27.04,up
-0.07,0.41,0.77,-3.54,-49.07,57.25,up
-0.12,0.37,0.54,24.35,-35.77,75.01,up
-0.16,0.35,0.64,56.88,-9.03,82.76,up
-0.27,0.31,0.55,41.69,24.48,79.53,up
-0.27,0.29,0.58,8.24,114.44,58.59,up
-0.19,0.38,0.65,24.05,181.52,61.71,up
0.04,0.19,0.68,58.78,210.51,78.8,up
-0.17,0.24,0.61,1.59,96.8,80.38,up
-0.18,0.11,0.56,26.67,98.33,72.2,up
-0.24,-0.02,0.71,38.39,103.15,43.82,up
-0.24,0.04,0.9,22.89,102.05,-1.28,up
-0.08,0.17,0.88,3.05,131.35,-7.51,up
0.27,0.08,0.81,-1.4,155.76,-13.12,up
0.36,-0.04,0.54,10.31,99.61,37.6,up
-0.15,-0.34,0.86,19.41,43.21,34.42,up
-0.09,-0.2,0.74,-17.4,30.09,-31.68,up
0.27,0.1,0.8,-16.3,19.35,-38.15,up
0.39,0.15,0.91,-15.2,19.17,-18.62,up
0.41,0.06,1.01,-33.02,46.2,24.84,up
0.18,-0.06,0.96,-32.65,45.78,23.56,up
0.14,-0.03,0.88,-23.32,9.58,-20.75,up
0.25,0.08,0.86,7.51,-11.96,-34.36,up
0.32,0.1,1.01,17.82,-16.78,-26.18,up
0.33,0.13,1.0,-22.64,1.1,10.93,up
0.23,0.12,0.91,-25.82,6.53,18.62,up
0.22,0.11,0.93,-6.9,8.36,7.57,up
0.22,0.14,0.93,-0.55,8.67,0.0,up
0.21,0.13,0.95,3.6,2.93,-0.92,up
0.2,0.1,0.97,-1.83,-2.01,-4.88,up
0.23,0.12,0.95,-7.87,-11.17,-8.36,up
0.23,0.16,0.96,-2.44,-14.83,-9.03,up
0.23,0.15,0.97,0.06,-12.27,-5.19,up
0.21,0.15,0.96,2.75,-9.95,-3.11,up
0.2,0.14,0.98,3.17,-8.06,-0.43,up
0.2,0.14,0.98,-0.92,-4.76,1.4,up
-0.03,-0.01,1.03,0.24,-0.49,1.65,down
-0.06,-0.02,1.01,-9.83,4.88,-2.38,down
-0.03,-0.0,1.03,-17.46,8.85,-8.24,down
-0.01,0.02,1.03,-24.11,16.3,-11.41,down
-0.0,0.04,1.02,-25.27,21.42,-10.25,down
0.01,0.04,1.01,-34.55,23.56,-7.57,down
-0.04,0.02,1.0,-36.99,23.8,-12.02,down
0.08,0.1,0.97,-38.57,22.77,-18.86,down
0.08,0.14,0.98,-24.35,19.23,-8.06,down
0.08,0.15,0.99,-19.96,21.61,-4.46,down
0.15,0.15,0.97,-18.19,23.32,-0.18,down
0.13,0.2,0.93,-16.6,24.78,8.36,down
0.13,0.2,0.91,11.96,9.89,25.15,down
0.06,0.13,0.97,10.62,8.85,25.63,down
0.07,0.14,0.97,5.43,4.76,16.48,down
0.07,0.13,0.98,4.94,4.03,5.86,down
0.09,0.13,0.96,0.85,3.3,4.09,down
0.12,0.15,0.94,-3.11,-0.73,7.63,down
0.14,0.18,0.96,1.53,-2.56,11.54,down
0.1,0.16,0.97,7.02,-4.76,9.34,down
0.08,0.13,0.97,7.69,-7.63,4.7,down
0.08,0.13,0.99,5.0,-5.68,2.01,down
0.07,0.12,0.99,1.46,-2.87,0.92,down
0.08,0.12,0.99,-0.92,-0.37,-2.56,down
0.08,0.14,0.97,-1.22,0.61,-3.6,down
0.09,0.15,0.96,3.23,0.55,-4.82,down
0.09,0.13,0.98,7.93,-0.79,-5.0,down
0.09,0.12,0.99,7.81,-1.28,-4.64,down
0.08,0.12,0.98,6.23,-1.59,-2.56,down
0.08,0.11,1.0,3.78,-1.16,-1.95,down
0.09,0.12,1.0,1.71,0.0,-0.49,down
0.1,0.13,1.0,1.59,0.31,0.85,down
0.08,0.12,0.98,2.69,-0.24,1.95,down
0.07,0.11,0.98,4.39,-0.67,0.43,down
0.08,0.09,0.99,3.85,-0.67,-0.24,down
0.08,0.1,0.99,2.56,0.92,1.16,down
0.07,0.09,0.98,1.89,0.79,1.1,down
0.06,0.09,0.98,1.1,0.37,-2.44,down
0.08,0.1,0.99,0.43,0.55,-4.39,down
0.1,0.12,0.99,-0.43,1.22,-4.09,down
0.1,0.12,0.99,0.12,0.85,-1.89,down
0.09,0.12,0.98,1.22,-0.24,-0.49,down
0.08,0.1,0.99,1.4,-1.1,-0.43,down
0.08,0.11,0.99,0.73,-1.1,0.0,down
0.08,0.11,0.99,0.79,-1.16,0.31,down
0.08,0.11,0.99,1.22,-0.92,0.06,down
0.09,0.11,1.0,1.83,-0.98,0.37,down
0.09,0.11,0.99,1.95,-2.2,2.01,down
0.07,0.1,0.98,1.89,-2.93,3.36,down
0.07,0.1,0.98,2.08,-3.11,3.54,down
0.07,0.09,0.98,2.44,-3.72,2.81,down
0.06,0.09,0.97,2.56,-3.97,1.59,down
0.07,0.09,0.98,2.81,-4.39,0.61,down
0.08,0.1,0.98,3.78,-5.62,1.95,down
0.07,0.09,0.99,5.43,-5.74,1.04,down
0.07,0.09,1.01,4.09,-4.58,-0.43,down
0.07,0.09,1.01,1.22,-2.44,0.37,down
0.07,0.1,1.0,0.61,-1.65,0.85,down
0.07,0.1,1.0,0.92,-1.16,1.4,down
0.05,0.1,0.99,0.92,0.12,2.2,down
0.05,0.09,0.99,1.53,1.16,1.77,down
0.06,0.09,0.99,2.93,1.28,0.43,down
0.05,0.08,0.99,2.2,1.28,-0.31,down
0.06,0.08,1.0,1.77,1.95,0.12,down
0.07,0.09,1.0,0.55,2.44,0.85,down
0.08,0.11,0.98,0.67,2.26,1.59,down
0.08,0.1,0.98,2.81,1.89,4.88,down
0.06,0.06,0.99,3.78,1.04,6.77,down
0.06,0.05,1.0,2.87,0.49,5.37,down
0.06,0.06,0.99,-1.59,1.53,2.75,down
0.06,0.08,0.98,-3.05,2.08,2.14,down
0.05,0.08,0.98,-2.56,1.59,0.85,down
0.06,0.09,0.99,-1.83,1.04,-0.92,down
0.08,0.1,1.0,-1.22,0.61,-1.77,down
0.09,0.1,1.0,-0.12,0.24,-1.04,down
0.06,0.08,0.99,-0.55,0.67,0.67,down
0.05,0.09,0.98,-0.43,1.59,0.98,down
0.05,0.08,0.97,0.55,1.46,-0.61,down
0.07,0.08,0.98,1.83,0.92,-3.36,down
0.08,0.08,0.99,2.32,0.92,-3.05,down
0.08,0.08,0.99,2.5,0.37,-1.53,down
0.08,0.09,0.98,3.23,-0.06,-0.79,down
0.07,0.08,0.99,4.27,-0.98,-0.43,down
0.05,0.07,0.99,3.3,-0.55,-0.55,down
0.06,0.08,1.0,1.71,0.49,-1.16,down
0.08,0.09,1.01,0.37,1.65,-2.44,down
0.09,0.09,1.01,0.0,1.89,-1.46,down
0.09,0.08,0.99,-1.28,1.71,0.92,down
0.07,0.08,0.97,-4.88,-2.5,3.3,down
0.05,0.09,0.96,-4.64,-4.27,1.4,down
0.05,0.1,0.95,-6.16,-8.79,1.16,down
0.06,0.1,1.0,-2.26,-6.41,-0.79,down
0.07,0.1,0.98,-0.55,-4.21,-0.92,down
0.08,0.1,1.01,0.0,-7.81,0.85,down
0.07,0.11,1.0,0.24,-6.04,3.78,down
0.02,0.09,1.0,-2.87,-0.98,2.2,down
0.08,0.11,1.0,-0.67,2.01,-0.24,down
0.09,0.12,1.02,5.62,0.18,3.6,down
0.05,0.11,1.01,8.36,0.12,5.25,down
0.04,0.08,1.01,8.18,3.11,7.08,down
0.01,0.08,0.98,6.47,5.43,5.19,down
0.02,0.07,0.97,8.24,5.74,0.92,down
0.06,0.07,0.97,6.96,4.15,-2.69,down
0.09,0.06,0.98,5.74,2.5,-0.67,down
0.07,0.07,1.0,4.94,2.69,1.28,down
0.07,0.05,1.01,3.66,5.25,0.18,down
0.07,0.04,0.97,-0.85,6.41,0.0,down
0.07,0.06,0.96,-5.07,4.33,-0.85,down
0.08,0.06,0.96,-0.55,2.26,-4.7,down
0.08,0.06,0.98,2.32,0.98,-6.23,down
0.08,0.04,0.99,3.6,-1.53,-6.23,down
0.06,0.04,1.0,2.01,-1.4,-3.11,down
0.06,0.04,0.99,0.55,0.24,-0.37,down
0.05,0.05,1.0,1.22,-0.18,-2.2,down
0.06,0.06,1.0,2.38,-0.79,-6.04,down
0.07,0.06,1.01,0.79,-0.06,-5.98,down
0.08,0.07,1.01,-2.32,1.34,-3.17,down
0.08,0.09,1.0,-2.69,1.59,-1.04,down
0.07,0.09,0.99,-1.65,1.1,-0.67,down
0.08,0.08,1.0,0.31,-0.06,-0.73,down
0.08,0.08,0.99,-0.49,-0.12,1.22,down
0.07,0.08,0.99,-1.1,0.85,3.3,down
0.07,0.07,0.99,-0.24,0.55,3.3,down
0.06,0.05,0.98,0.12,0.31,2.01,down
0.07,0.05,0.99,0.24,0.49,-0.92,down
0.08,0.05,0.99,-0.85,1.28,-0.55,down
0.07,0.05,0.98,-1.65,1.34,0.55,down
0.08,0.06,0.99,-0.98,0.24,-0.24,down
0.08,0.07,0.98,-0.43,-0.79,-0.61,down
0.07,0.07,0.98,0.0,-0.12,0.73,down
0.06,0.07,0.98,0.61,0.37,1.16,down
0.07,0.07,0.99,2.32,-0.18,-0.31,down
0.07,0.07,0.99,2.81,-1.1,-0.18,down
0.07,0.05,1.0,2.5,-1.4,0.18,down
0.07,0.04,1.01,0.67,-0.37,-0.79,down
0.07,0.06,1.0,-0.67,0.37,-1.22,down
0.07,0.06,1.0,-1.34,0.85,-1.04,down
0.07,0.06,0.99,-1.71,1.04,-1.04,down
0.07,0.07,0.99,-1.59,1.04,-1.34,down
0.07,0.07,0.98,-1.1,0.79,-1.46,down
0.08,0.08,0.99,-0.67,0.79,-2.01,down
0.09,0.08,1.0,0.0,0.18,-1.59,down
0.08,0.08,1.0,0.06,0.18,-0.18,down
0.07,0.07,0.99,0.31,0.37,0.49,down
0.07,0.07,0.99,1.1,0.43,-0.12,down
0.08,0.07,1.0,1.1,0.43,-0.18,down
0.08,0.07,1.0,0.79,0.12,0.92,down
0.07,0.07,1.0,0.67,0.43,1.65,down
0.08,0.07,1.0,1.22,0.79,1.22,down
0.08,0.06,1.0,1.16,1.04,1.95,down
0.06,0.05,1.0,-0.24,1.46,3.05,down
0.06,0.06,0.98,-0.92,2.26,2.81,down
0.06,0.06,0.98,0.73,1.59,1.04,down
0.08,0.06,0.99,-0.37,-1.83,0.98,down
0.08,0.07,1.02,-4.76,-3.05,3.3,down
0.07,0.08,1.02,-5.31,-0.24,4.21,down
0.07,0.07,1.0,-1.16,2.2,2.38,down
0.09,0.08,1.0,0.49,2.32,1.83,down
0.08,0.08,1.0,-0.43,0.79,3.11,down
0.07,0.08,0.99,-2.01,0.85,3.54,down
0.08,0.08,0.99,-2.38,2.44,5.07,down
0.07,0.08,0.98,-2.44,2.44,6.29,down
0.07,0.08,0.99,-0.06,2.5,4.64,down
0.09,0.08,0.99,2.69,2.44,2.38,down
0.08,0.07,0.99,3.17,2.56,2.62,down
0.08,0.06,0.99,-0.12,2.14,5.13,down
0.07,0.07,0.99,-4.09,1.04,5.8,down
0.08,0.07,0.98,-2.38,2.75,4.46,down
0.09,0.07,0.98,0.92,2.44,2.75,down
0.08,0.06,1.0,1.65,2.26,1.65,down
0.08,0.06,0.99,1.34,3.85,0.85,down
0.08,0.06,0.98,1.46,5.25,0.79,down
0.09,0.07,0.98,0.37,6.23,0.61,down
0.09,0.07,0.99,1.04,5.13,-0.67,down
0.1,0.07,0.98,0.49,4.46,0.18,down
0.09,0.07,0.98,-1.71,3.42,2.81,down
0.09,0.08,0.97,-0.31,3.42,3.23,down
0.09,0.08,0.97,1.83,1.95,2.2,down
0.09,0.07,0.99,3.23,0.73,0.43,down
0.1,0.06,1.0,1.59,0.55,0.79,down
0.12,0.06,0.99,-1.95,-0.31,3.11,down
0.11,0.06,0.98,-9.22,-3.36,10.68,down
0.09,0.06,0.98,-7.26,-1.65,10.19,down
0.08,0.03,0.94,-3.42,-1.28,8.42,down
0.05,0.0,0.9,-0.12,-13.92,-0.92,down
0.05,0.02,0.86,5.98,-28.38,-13.85,down
0.09,0.0,0.84,8.61,-36.99,-20.75,down
0.12,-0.07,0.85,0.43,-23.25,-9.16,down
0.05,-0.05,0.7,-10.62,-12.27,2.01,down
-0.06,-0.03,0.54,37.84,-27.22,-16.78,down
-0.08,-0.05,0.54,72.39,-39.0,-27.83,down
-0.02,-0.15,0.73,99.37,-49.5,-15.26,down
0.05,-0.21,0.87,36.32,-30.94,-7.87,down
0.16,-0.15,0.82,-56.7,-41.56,-14.04,down
-0.06,0.02,0.81,-113.83,-121.46,-4.88,down
-0.22,0.13,0.84,-101.93,-89.97,-10.07,down
-0.14,0.01,0.89,-94.85,14.04,-21.61,down
-0.11,0.17,0.92,-114.26,8.79,-17.64,down
-0.13,0.21,0.83,-112.85,3.97,2.08,down
-0.21,0.23,0.69,-102.54,19.65,-7.57,down
-0.17,0.35,0.7,-8.79,19.35,-42.42,down
-0.04,0.52,0.83,55.54,9.16,-55.66,down
0.01,0.54,0.86,60.85,13.24,-50.35,down
0.06,0.4,0.8,27.59,49.87,3.54,down
0.1,0.28,0.86,38.94,64.58,19.84,down
0.17,0.21,1.22,45.23,60.0,24.29,down
0.14,0.48,1.4,42.42,27.95,25.02,down
0.07,0.47,1.38,53.1,3.97,38.64,down
0.03,0.3,1.42,85.63,-14.1,52.19,down
0.01,0.07,1.33,60.55,-19.71,53.77,down
0.07,0.08,1.35,7.2,-5.62,41.38,down
0.0,0.13,1.19,-16.05,-16.24,35.77,down
-0.03,0.14,1.18,1.53,-26.98,33.45,down
-0.08,0.0,1.29,8.54,-44.19,27.83,down
-0.01,-0.03,1.44,-6.96,-119.57,16.24,down
-0.15,-0.06,0.98,3.05,-264.65,9.03,down
-0.3,-0.01,1.01,18.98,-63.96,12.27,down
-0.29,-0.01,1.21,15.56,-62.81,5.55,down
-0.46,0.01,1.14,21.91,-40.47,4.15,down
-0.48,0.0,1.16,28.69,-20.02,4.46,down
-0.44,-0.03,1.08,18.07,-19.78,-3.11,down
-0.37,-0.05,1.02,2.75,-19.04,-9.52,down
-0.37,-0.03,0.98,-16.6,-14.1,-13.06,down
-0.32,0.03,0.91,-18.74,-13.37,-11.47,down
-0.31,0.06,0.85,-6.65,-8.42,-6.29,down
-0.28,0.08,0.89,1.89,-4.46,-3.85,down
-0.27,0.07,0.93,2.08,-5.19,-3.3,down
-0.26,0.08,0.91,-7.39,-4.76,-2.2,down
-0.26,0.07,0.87,-9.89,-3.66,-0.92,down
-0.26,0.06,0.86,-3.48,-0.24,0.12,down
-0.26,0.05,0.88,1.04,0.67,-0.49,down
-0.28,0.05,0.94,2.81,1.1,-0.85,down
-0.31,0.07,0.95,1.71,-1.28,-2.08,down
0.01,0.41,0.91,-1.28,0.24,-0.06,left
0.01,0.4,0.91,0.24,0.12,-0.18,left
0.0,0.39,0.91,0.61,0.12,-0.37,left
0.01,0.4,0.91,-1.95,0.31,0.0,left
0.01,0.4,0.91,-0.06,0.12,-0.24,left
0.01,0.4,0.91,-0.24,0.24,-0.12,left
0.01,0.4,0.91,0.79,0.12,-0.24,left
0.01,0.39,0.91,-0.43,0.18,-0.18,left
0.01,0.4,0.91,-0.92,0.18,-0.12,left
0.01,0.41,0.91,-1.46,0.43,-0.18,left
0.01,0.4,0.91,1.83,-0.18,-0.18,left
0.0,0.39,0.91,1.16,0.06,-0.31,left
0.01,0.4,0.91,-1.34,0.18,-0.06,left
0.01,0.41,0.91,-1.1,0.31,-0.06,left
0.01,0.4,0.91,0.55,0.24,-0.24,left
0.0,0.39,0.91,0.79,0.0,-0.18,left
0.0,0.4,0.91,-1.71,0.37,-0.06,left
0.01,0.4,0.91,-0.37,0.06,-0.12,left
0.01,0.4,0.91,-0.85,0.31,-0.06,left
0.0,0.4,0.91,0.92,0.06,-0.31,left
0.01,0.39,0.91,0.73,0.12,-0.31,left
0.01,0.4,0.91,-1.53,0.55,-0.06,left
0.01,0.41,0.91,0.06,-0.18,-0.12,left
0.01,0.4,0.91,0.06,0.31,-0.24,left
0.01,0.4,0.91,0.0,0.12,-0.18,left
0.01,0.4,0.91,0.06,0.12,-0.12,left
0.01,0.41,0.91,-1.28,0.24,0.0,left
0.01,0.41,0.91,1.59,-0.06,-0.43,left
0.01,0.4,0.91,0.12,0.12,-0.18,left
0.01,0.4,0.91,-0.85,0.24,-0.06,left
0.01,0.4,0.91,-0.12,0.18,-0.18,left
0.01,0.4,0.91,-0.67,0.43,-0.12,left
0.01,0.4,0.91,1.71,-0.18,-0.31,left
0.01,0.4,0.91,-0.67,0.31,-0.24,left
0.01,0.4,0.91,-1.46,0.24,0.0,left
0.01,0.4,0.91,0.12,0.18,-0.24,left
0.01,0.4,0.91,-0.24,0.18,-0.12,left
0.01,0.4,0.91,0.73,0.06,-0.24,left
0.01,0.4,0.91,-1.16,0.31,-0.18,left
0.01,0.4,0.91,-0.06,0.24,-0.18,left
0.01,0.4,0.91,0.12,0.18,-0.24,left
0.01,0.4,0.91,0.92,0.0,-0.31,left
0.01,0.4,0.91,-1.28,0.31,-0.06,left
0.01,0.4,0.91,-0.31,0.43,-0.18,left
0.01,0.4,0.91,-0.06,0.24,-0.12,left
0.01,0.4,0.91,0.37,-0.12,-0.18,left
0.01,0.4,0.91,-0.12,0.12,-0.12,left
0.01,0.4,0.91,-0.49,0.37,-0.18,left
0.01,0.4,0.91,-0.55,0.37,-0.18,left
0.01,0.4,0.91,0.85,-0.06,-0.24,left
0.01,0.4,0.91,0.31,-0.06,-0.18,left
0.01,0.4,0.91,-1.4,0.43,-0.12,left
0.01,0.4,0.91,0.55,0.24,-0.31,left
0.01,0.4,0.91,0.79,-0.06,-0.18,left
0.01,0.4,0.91,-0.18,0.0,-0.12,left
0.01,0.41,0.91,-1.53,0.49,-0.18,left
0.01,0.4,0.91,0.79,0.37,-0.31,left
0.01,0.39,0.91,0.61,-0.24,0.0,left
0.0,0.4,0.91,-1.59,0.31,0.0,left
0.01,0.41,0.9,-2.44,0.73,-0.06,left
0.02,0.41,0.91,1.28,0.18,-0.31,left
0.01,0.39,0.91,1.71,-0.67,-0.06,left
0.01,0.4,0.91,-1.22,0.61,-0.24,left
0.01,0.41,0.91,-2.56,0.49,0.0,left
0.02,0.4,0.91,1.34,0.24,-0.49,left
0.01,0.4,0.91,1.46,-0.43,-0.18,left
0.0,0.39,0.92,0.85,-0.06,-0.31,left
0.01,0.41,0.9,-2.69,0.67,-0.06,left
0.02,0.4,0.91,1.53,0.12,-0.43,left
0.01,0.4,0.91,0.79,-0.55,0.06,left
0.0,0.4,0.91,-0.18,0.24,-0.18,left
0.01,0.4,0.91,-1.65,0.85,-0.24,left
0.02,0.41,0.91,-1.1,0.43,-0.24,left
0.01,0.4,0.91,1.4,-0.73,0.0,left
0.0,0.39,0.92,1.04,0.06,-0.31,left
0.01,0.4,0.91,-2.87,0.79,-0.06,left
0.02,0.4,0.91,0.61,0.18,-0.37,left
0.01,0.4,0.91,0.37,-0.37,0.0,left
0.0,0.39,0.91,1.95,-0.24,-0.37,left
0.01,0.4,0.91,-2.69,0.73,0.0,left
0.01,0.41,0.91,-0.73,0.31,0.0,left
0.01,0.4,0.91,1.28,-0.43,-0.12,left
0.01,0.39,0.91,0.92,0.31,-0.37,left
0.01,0.4,0.91,-0.61,0.12,0.06,left
0.01,0.4,0.91,-1.34,0.49,-0.06,left
0.01,0.41,0.91,-0.49,0.24,-0.06,left
0.01,0.4,0.91,1.89,-0.18,-0.31,left
0.01,0.4,0.91,-0.92,0.37,-0.18,left
0.01,0.41,0.91,-0.98,0.43,-0.12,left
0.01,0.4,0.91,0.55,0.12,-0.18,left
0.01,0.4,0.91,1.53,-0.31,-0.24,left
0.01,0.4,0.91,-1.22,0.37,-0.18,left
0.01,0.41,0.91,-1.46,0.37,-0.18,left
0.01,0.4,0.91,-0.24,-0.12,-0.06,left
0.01,0.39,0.91,2.62,-0.43,-0.37,left
0.01,0.4,0.91,-2.56,0.79,-0.12,left
0.01,0.41,0.91,-1.59,0.49,-0.12,left
0.01,0.4,0.91,1.46,-0.43,-0.12,left
0.01,0.4,0.91,0.73,-0.06,-0.31,left
0.01,0.4,0.91,-0.92,0.37,-0.18,left
0.01,0.4,0.91,-1.28,0.61,-0.24,left
0.01,0.4,0.91,0.73,-0.12,-0.18,left
0.01,0.4,0.91,1.4,-0.43,-0.24,left
0.01,0.4,0.91,-1.04,0.37,-0.18,left
0.01,0.4,0.91,-1.34,0.67,-0.31,left
0.01,0.4,0.91,0.67,-0.31,-0.24,left
0.0,0.4,0.91,1.83,-0.55,-0.24,left
0.01,0.4,0.91,-1.83,0.85,-0.24,left
0.01,0.4,0.91,-0.85,0.49,-0.24,left
0.01,0.4,0.91,0.73,-0.43,0.0,left
0.01,0.4,0.91,0.49,0.06,-0.24,left
0.01,0.4,0.91,-0.06,0.31,-0.24,left
0.01,0.4,0.91,-1.22,0.67,-0.31,left
0.01,0.4,0.91,-0.98,0.49,-0.18,left
0.01,0.4,0.91,0.49,-0.24,-0.12,left
0.01,0.4,0.91,1.22,-0.18,-0.18,left
0.01,0.4,0.91,-1.59,0.73,-0.12,left
0.01,0.41,0.9,-0.06,0.31,-0.49,left
0.01,0.4,0.91,1.16,-0.55,-0.12,left
0.01,0.4,0.91,0.31,0.24,-0.37,left
0.01,0.4,0.91,-0.73,0.43,-0.06,left
0.01,0.4,0.91,1.16,-0.31,-0.24,left
0.01,0.4,0.91,-0.79,0.55,-0.18,left
0.01,0.4,0.91,-0.79,0.67,-0.24,left
0.01,0.4,0.91,0.55,-0.12,-0.12,left
0.01,0.4,0.91,-0.55,0.37,-0.12,left
0.01,0.4,0.91,-0.67,0.18,-0.06,left
0.01,0.4,0.91,0.43,0.18,-0.18,left
0.01,0.4,0.91,-0.31,0.12,-0.12,left
0.01,0.4,0.91,-0.49,0.24,-0.12,left
0.01,0.4,0.91,0.37,0.12,-0.24,left
0.01,0.4,0.91,-0.06,0.24,-0.18,left
0.01,0.4,0.91,0.0,0.12,-0.18,left
0.01,0.4,0.91,-0.85,0.24,-0.24,left
0.01,0.4,0.91,0.98,0.12,-0.31,left
0.01,0.4,0.91,-1.46,0.24,0.0,left
0.01,0.4,0.91,0.0,0.12,-0.24,left
0.01,0.4,0.91,0.0,0.12,-0.12,left
0.01,0.4,0.91,-0.49,0.24,-0.24,left
0.01,0.4,0.91,-0.67,0.18,-0.12,left
0.01,0.41,0.9,-0.43,0.24,-0.12,left
0.01,0.4,0.91,0.55,0.12,-0.37,left
0.0,0.41,0.9,-1.59,0.18,0.06,left
0.01,0.39,0.92,3.42,0.12,-0.67,left
0.01,0.39,0.91,-1.1,0.0,0.12,left
0.01,0.42,0.9,-5.19,0.61,0.24,left
0.01,0.43,0.9,2.2,-0.06,-0.37,left
0.02,0.39,0.92,4.03,-0.06,-0.61,left
0.0,0.39,0.92,-0.92,-0.24,-0.06,left
0.01,0.41,0.9,-3.54,0.55,0.0,left
0.01,0.41,0.9,-0.73,0.49,-0.18,left
0.01,0.38,0.92,4.03,-0.92,-0.31,left
0.01,0.41,0.91,-6.23,1.1,0.18,left
0.01,0.42,0.9,-3.54,0.73,0.06,left
0.01,0.4,0.91,3.91,-0.12,-0.61,left
0.01,0.38,0.92,0.49,0.12,-0.24,left
-0.0,0.4,0.91,-2.38,0.24,0.12,left
0.01,0.42,0.9,-3.42,0.79,-0.06,left
0.02,0.4,0.91,4.09,-0.31,-0.55,left
0.01,0.4,0.91,-1.95,0.55,0.0,left
0.0,0.4,0.91,0.79,0.06,-0.37,left
0.02,0.41,0.91,-1.53,0.31,0.0,left
0.01,0.4,0.91,1.95,0.06,-0.37,left
0.0,0.4,0.91,-1.1,0.24,-0.06,left
0.01,0.4,0.91,0.31,0.18,-0.24,left
0.01,0.4,0.91,0.43,0.12,-0.24,left
0.01,0.4,0.91,-0.92,0.24,-0.06,left
0.01,0.4,0.91,0.43,0.18,-0.24,left
0.01,0.4,0.91,-0.67,0.18,0.0,left
0.01,0.4,0.91,0.79,0.06,-0.24,left
0.01,0.4,0.91,-0.85,0.12,-0.06,left
0.0,0.4,0.91,0.18,0.12,-0.18,left
0.01,0.4,0.91,-0.49,0.18,-0.12,left
0.01,0.4,0.91,0.12,0.12,-0.18,left
0.01,0.4,0.91,-0.31,0.12,-0.12,left
0.01,0.4,0.91,-0.43,0.18,-0.18,left
0.01,0.4,0.91,-0.06,0.18,-0.24,left
0.01,0.4,0.91,-0.12,0.18,-0.12,left
0.01,0.4,0.91,-0.06,0.18,-0.24,left
0.01,0.4,0.91,0.06,0.18,-0.18,left
0.01,0.4,0.91,-0.06,0.12,-0.18,left
0.01,0.4,0.91,-0.18,0.18,-0.12,left
0.01,0.4,0.91,-0.31,0.12,-0.12,left
0.01,0.4,0.91,0.12,0.18,-0.18,left
0.01,0.4,0.91,-0.31,0.18,-0.18,left
0.01,0.4,0.91,-0.18,0.18,-0.12,left
0.01,0.4,0.91,0.12,0.12,-0.18,left
0.01,0.4,0.91,-0.18,0.12,-0.18,left
0.01,0.4,0.91,-0.24,0.12,-0.18,left
0.01,0.4,0.91,-0.06,0.12,-0.18,left
0.01,0.4,0.91,0.0,0.12,-0.18,left
0.01,0.4,0.91,-0.12,0.12,-0.31,left
0.01,0.4,0.91,-0.55,0.12,-0.18,left
0.02,0.41,0.91,-0.43,-0.37,-0.43,left
-0.01,0.4,0.91,-0.37,0.06,0.06,left
0.02,0.4,0.91,1.34,0.18,-0.49,left
0.01,0.4,0.91,-1.89,0.37,0.0,left
0.01,0.41,0.9,-1.53,0.24,0.18,left
0.01,0.39,0.91,2.93,0.0,-0.55,left
0.01,0.4,0.91,-1.16,0.24,-0.06,left
0.01,0.4,0.91,-0.73,0.12,-0.12,left
0.01,0.41,0.9,0.24,0.24,-0.24,left
0.01,0.4,0.91,2.01,0.06,-0.37,left
0.01,0.39,0.91,-0.98,0.18,-0.06,left
0.01,0.4,0.9,-0.55,0.12,-0.18,left
0.01,0.4,0.91,1.1,0.12,-0.37,left
0.01,0.4,0.91,-0.31,0.12,-0.24,left
0.0,0.4,0.91,0.55,0.12,-0.24,left
0.01,0.4,0.91,0.67,0.12,-0.37,left
0.01,0.4,0.91,-1.46,0.18,0.06,left
0.01,0.4,0.91,-0.18,0.12,-0.06,left
0.01,0.41,0.91,-0.67,0.24,-0.12,left
0.01,0.39,0.91,1.22,0.06,-0.43,left
0.01,0.4,0.91,-2.26,0.31,0.06,left
0.01,0.4,0.91,-0.18,0.12,-0.12,left
0.01,0.4,0.91,-0.06,0.18,-0.12,left
0.01,0.4,0.91,-0.43,0.24,-0.06,left
0.1,-0.14,1.15,-92.35,29.3,51.51,left
-0.08,0.87,0.77,0.92,6.16,18.74,left
-0.06,1.07,0.59,-59.88,3.05,10.5,left
-0.02,0.05,0.92,185.49,-29.24,-53.96,left
0.1,0.61,1.0,-115.17,50.05,92.29,left
0.01,0.2,1.09,37.48,83.86,75.44,left
0.04,0.6,1.31,99.0,48.1,53.28,left
0.01,0.63,1.04,111.45,35.71,56.58,left
-0.01,0.44,1.01,189.51,15.2,54.63,left
0.0,0.33,0.95,193.18,-6.77,53.89,left
0.06,0.02,0.96,124.15,1.28,59.08,left
0.02,0.3,0.85,-114.32,38.33,81.79,left
-0.06,0.56,0.81,-245.42,65.8,20.69,left
0.2,0.32,0.93,-85.94,78.43,-9.22,left
0.08,0.53,0.88,37.23,39.31,-23.38,left
0.06,0.36,0.92,96.8,9.7,-20.02,left
0.1,0.34,0.83,14.04,-29.17,25.57,left
0.11,0.32,0.93,26.61,-30.09,25.02,left
0.15,0.34,0.94,-15.32,-20.14,2.44,left
0.04,0.4,0.83,-31.98,43.7,-20.32,left
0.12,0.43,0.88,-86.18,62.32,-24.29,left
0.18,0.46,0.9,-98.69,21.12,-15.87,left
0.15,0.73,0.9,-14.71,-13.24,-1.53,left
0.11,0.85,0.85,-2.2,-44.98,40.71,left
0.06,0.61,0.54,-6.04,-52.86,30.88,left
-0.03,1.29,0.74,40.71,-19.78,-35.16,left
-0.0,1.46,0.69,-5.55,-2.32,-38.7,left
0.12,0.93,0.52,-106.81,-49.19,-34.61,left
0.08,0.75,0.65,-43.03,-56.03,-63.11,left
0.01,0.67,0.93,141.85,-43.21,-52.55,left
0.0,0.4,0.8,183.17,-55.66,45.78,left
-0.07,0.13,0.74,197.51,-31.8,65.73,left
0.07,0.11,0.91,277.65,19.78,16.6,left
0.15,-0.09,0.96,260.86,72.69,-16.3,left
0.13,-0.3,0.62,187.32,99.61,-14.83,left
0.06,-0.11,0.44,168.58,133.79,-59.75,left
0.09,-0.47,0.5,253.36,176.03,-66.1,left
0.18,-0.77,0.6,297.91,204.22,-69.7,left
0.03,-0.94,0.46,286.87,209.23,-86.49,left
0.18,-0.98,0.38,346.68,202.21,-115.54,left
0.16,-1.31,0.21,236.82,180.79,-126.89,left
0.41,-1.28,0.53,94.42,103.27,-84.84,left
0.43,-1.43,0.56,-67.63,50.35,-23.07,left
0.31,-1.19,0.55,-106.26,26.0,-22.52,left
0.44,-1.13,0.67,-112.67,17.76,-2.62,left
0.48,-0.89,0.68,-103.45,-4.7,14.47,left
0.56,-0.51,0.6,-98.75,-19.53,21.3,left
0.43,-0.45,0.54,-50.54,-8.61,28.87,left
0.5,-0.47,0.66,-17.58,-9.09,9.4,left
0.52,-0.49,0.7,0.55,-15.2,-5.25,left
0.42,-0.52,0.65,-14.89,-10.01,-3.3,left
0.36,-0.52,0.66,-38.27,-2.56,-1.1,left
0.34,-0.54,0.76,-64.76,1.59,7.32,left
0.46,-0.53,0.84,-51.64,-9.22,-1.59,left
0.43,-0.55,0.83,-42.05,-4.94,-3.66,left
0.44,-0.58,0.8,-27.53,2.87,-7.69,left
0.38,-0.55,0.81,-73.18,15.14,8.24,left
0.44,-0.52,0.84,-70.01,13.06,10.99,left
0.44,-0.47,0.79,-60.85,-1.65,9.03,left
0.4,-0.48,0.76,-32.9,-1.46,7.75,left
0.43,-0.43,0.72,-31.8,-1.89,7.26,left
0.45,-0.4,0.73,-49.5,-0.49,14.83,left
0.39,-0.38,0.78,-43.82,-5.31,12.82,left
0.36,-0.34,0.8,-18.74,-7.75,6.9,left
0.42,-0.34,0.86,-0.18,-5.31,5.62,left
0.49,-0.39,0.9,20.2,-5.74,2.14,left
0.52,-0.48,0.91,38.57,-3.72,-4.76,left
0.48,-0.46,0.82,16.66,-12.82,-4.27,left
0.43,-0.42,0.81,-12.45,-11.72,7.32,left
0.32,-0.39,0.77,-14.22,-9.64,8.85,left
0.31,-0.37,0.76,-10.74,-10.68,8.48,left
0.34,-0.34,0.81,-10.19,-6.59,9.77,left
0.38,-0.32,0.83,-2.62,-1.95,9.03,left
0.48,-0.34,0.86,5.13,0.43,6.77,left
0.45,-0.36,0.84,0.12,-1.34,6.71,left
0.4,-0.37,0.82,2.93,-3.54,0.61,left
0.38,-0.4,0.84,3.66,-2.99,-0.43,left
0.39,-0.39,0.83,-3.36,-0.92,3.36,left
0.38,-0.4,0.84,-12.57,3.36,10.86,left
0.41,-0.37,0.86,-8.3,-3.85,5.74,left
0.43,-0.36,0.87,-8.85,-3.23,6.35,left
0.42,-0.35,0.85,-15.26,0.55,9.03,left
0.39,-0.34,0.83,-17.27,3.11,8.79,left
0.39,-0.34,0.84,-9.64,3.72,4.21,left
0.41,-0.32,0.85,-2.56,1.65,0.61,left
0.46,-0.35,0.87,1.59,1.46,0.31,left
0.44,-0.39,0.87,-3.42,-0.43,1.4,left
0.38,-0.37,0.84,-7.39,0.37,2.81,left
0.39,-0.35,0.83,-5.62,1.77,3.17,left
0.45,-0.36,0.85,-7.32,0.67,4.03,left
0.42,-0.34,0.84,-10.93,0.55,6.84,left
0.4,-0.32,0.83,-5.86,-1.34,3.91,left
0.41,-0.29,0.83,-2.62,1.83,4.58,left
0.43,-0.31,0.84,0.06,3.91,4.39,left
0.44,-0.35,0.85,1.4,0.12,-0.79,left
0.42,-0.34,0.86,0.0,-0.43,-0.73,left
0.41,-0.31,0.84,4.76,0.73,-0.79,left
